#
# A fatal error has been detected by the Java Runtime Environment:
#
#  EXCEPTION_ACCESS_VIOLATION (0xc0000005) at pc=0x000002442021c4fa, pid=10844, tid=17276
#
# JRE version: OpenJDK Runtime Environment Corretto-11.0.22.7.1 (11.0.22+7) (build 11.0.22+7-LTS)
# Java VM: OpenJDK 64-Bit Server VM Corretto-11.0.22.7.1 (11.0.22+7-LTS, mixed mode, tiered, compressed oops, g1 gc, windows-amd64)
# Problematic frame:
# j  com.sun.tools.javac.tree.TreeScanner.scan(Lcom/sun/tools/javac/util/List;)V+7 jdk.compiler@11.0.22
#
# No core dump will be written. Minidumps are not enabled by default on client versions of Windows
#
# If you would like to submit a bug report, please visit:
#   https://github.com/corretto/corretto-11/issues/
#

---------------  S U M M A R Y ------------

Command Line: --add-opens=java.base/java.util=ALL-UNNAMED --add-opens=java.base/java.lang=ALL-UNNAMED --add-opens=java.base/java.lang.invoke=ALL-UNNAMED --add-opens=java.prefs/java.util.prefs=ALL-UNNAMED -Xmx1536m -Dfile.encoding=windows-1252 -Duser.country=US -Duser.language=en -Duser.variant org.gradle.launcher.daemon.bootstrap.GradleDaemon 6.5

Host: Intel(R) Core(TM) i3-10105 CPU @ 3.70GHz, 8 cores, 7G,  Windows 11 , 64 bit Build 22621 (10.0.22621.3085)
Time: Thu Feb 15 12:21:18 2024 India Standard Time elapsed time: 9232.004652 seconds (0d 2h 33m 52s)

---------------  T H R E A D  ---------------

Current thread (0x000002443faed000):  JavaThread "Execution worker for ':'" [_thread_in_Java, id=17276, stack(0x000000e8da700000,0x000000e8da800000)]

Stack: [0x000000e8da700000,0x000000e8da800000],  sp=0x000000e8da7fa920,  free space=1002k
Native frames: (J=compiled Java code, j=interpreted, Vv=VM code, C=native code)
C  0x000002442021c4fa


siginfo: EXCEPTION_ACCESS_VIOLATION (0xc0000005), reading address 0x000000002000010c


Register to memory mapping:

RIP=0x000002442021c4fa is at code_begin+730 in an Interpreter codelet
invokevirtual  182 invokevirtual  [0x000002442021c220, 0x000002442021c700]  1248 bytes
RAX=0x0 is NULL
RBX=0x000000000000002c is an unknown value
RCX=536871172 is a compressed pointer to class: 0x0000000100000820
RDX=0x0000000010000001 is an unknown value
RSP=0x000000e8da7fa920 is pointing into the stack for thread: 0x000002443faed000
RBP=0x000000e8da7fa978 is pointing into the stack for thread: 0x000002443faed000
RSI=0x000002443db15d48 points into unknown readable memory: 0x9001930093f20bb3 | b3 0b f2 93 00 93 01 90
RDI=0x000002443df936a0 points into unknown readable memory: 0x0000001000000080 | 80 00 00 00 10 00 00 00
R8 =0x0 is NULL
R9 =0x0000000000000001 is an unknown value
R10=0x00007ff9e6e9b250 jvm.dll
R11=0x0000024428f630c0 is at entry_point+32 in (nmethod*)0x0000024428f62f10
R12=0x0 is NULL
R13=0x00000244484f467f is pointing into metadata
R14=0x000000e8da7fa998 is pointing into the stack for thread: 0x000002443faed000
R15=0x000002443faed000 is a thread


Registers:
RAX=0x0000000000000000, RBX=0x000000000000002c, RCX=0x0000000020000104, RDX=0x0000000010000001
RSP=0x000000e8da7fa920, RBP=0x000000e8da7fa978, RSI=0x000002443db15d48, RDI=0x000002443df936a0
R8 =0x0000000000000000, R9 =0x0000000000000001, R10=0x00007ff9e6e9b250, R11=0x0000024428f630c0
R12=0x0000000000000000, R13=0x00000244484f467f, R14=0x000000e8da7fa998, R15=0x000002443faed000
RIP=0x000002442021c4fa, EFLAGS=0x0000000000010246

Top of Stack: (sp=0x000000e8da7fa920)
0x000000e8da7fa920:   0000024420209c90 0000000020000104
0x000000e8da7fa930:   000000e8da7fa930 00000244484f467f
0x000000e8da7fa940:   000000e8da7fa998 000002444880e468
0x000000e8da7fa950:   0000024448a1d5b0 00000000aa10aed0
0x000000e8da7fa960:   00000244484f46d0 0000000000000000
0x000000e8da7fa970:   000000e8da7fa990 000000e8da7fa9e8
0x000000e8da7fa980:   000002442020a4c3 0000000020000104
0x000000e8da7fa990:   0000000000000000 00000000ab382f20
0x000000e8da7fa9a0:   000000e8da7fa9a0 00000244484f51c5
0x000000e8da7fa9b0:   000000e8da7faa00 000002444880e468
0x000000e8da7fa9c0:   000002444b3f2f00 00000000aa10aed0
0x000000e8da7fa9d0:   00000244484f51f0 000000e8da7fa990
0x000000e8da7fa9e0:   000000e8da7fa9f8 000000e8da7faa50
0x000000e8da7fa9f0:   000002442020a4c3 0000000000000000
0x000000e8da7faa00:   0000000000000000 000000e8da7faa08
0x000000e8da7faa10:   00000244485c3c4a 000000e8da7faa68 

Instructions: (pc=0x000002442021c4fa)
0x000002442021c3fa:   81 48 08 01 00 00 00 eb 4d 45 8b 6d 08 49 c1 e5
0x000002442021c40a:   03 4c 33 68 08 49 f7 c5 fc ff ff ff 74 38 49 f7
0x000002442021c41a:   c5 02 00 00 00 75 2f 48 81 78 08 00 00 00 00 74
0x000002442021c42a:   21 48 81 78 08 01 00 00 00 74 17 4c 33 68 08 49
0x000002442021c43a:   f7 c5 fc ff ff ff 74 0e 48 81 48 08 02 00 00 00
0x000002442021c44a:   eb 04 4c 89 68 08 48 83 c0 10 4c 8b 68 e8 41 83
0x000002442021c45a:   ed 02 41 83 fd 02 0f 8c 7d 00 00 00 4c 8b 6b 08
0x000002442021c46a:   45 0f b7 6d 34 4c 2b 28 41 83 ed 01 4e 8b 6c ec
0x000002442021c47a:   08 4d 85 ed 75 0a 48 81 48 08 01 00 00 00 eb 4d
0x000002442021c48a:   45 8b 6d 08 49 c1 e5 03 4c 33 68 08 49 f7 c5 fc
0x000002442021c49a:   ff ff ff 74 38 49 f7 c5 02 00 00 00 75 2f 48 81
0x000002442021c4aa:   78 08 00 00 00 00 74 21 48 81 78 08 01 00 00 00
0x000002442021c4ba:   74 17 4c 33 68 08 49 f7 c5 fc ff ff ff 74 0e 48
0x000002442021c4ca:   81 48 08 02 00 00 00 eb 04 4c 89 68 08 48 83 c0
0x000002442021c4da:   10 4c 8b 68 d8 41 83 ed 04 41 c1 e5 03 49 03 c5
0x000002442021c4ea:   48 89 45 d8 4c 8d 6c 24 08 4c 89 6d f0 ff 63 48
0x000002442021c4fa:   8b 41 08 48 c1 e0 03 4c 8b 75 d8 4d 85 f6 0f 84
0x000002442021c50a:   95 00 00 00 49 8b 56 18 48 3b d0 0f 85 0f 00 00
0x000002442021c51a:   00 49 83 46 20 01 49 83 5e 20 00 e9 71 00 00 00
0x000002442021c52a:   48 85 d2 0f 84 42 00 00 00 49 8b 56 28 48 3b d0
0x000002442021c53a:   0f 85 0f 00 00 00 49 83 46 30 01 49 83 5e 30 00
0x000002442021c54a:   e9 4c 00 00 00 48 85 d2 74 0f 49 83 46 08 01 49
0x000002442021c55a:   83 5e 08 00 e9 38 00 00 00 49 89 46 28 ba 01 00
0x000002442021c56a:   00 00 49 89 56 30 e9 26 00 00 00 49 3b 46 28 0f
0x000002442021c57a:   85 0f 00 00 00 49 83 46 30 01 49 83 5e 30 00 e9
0x000002442021c58a:   0d 00 00 00 49 89 46 18 ba 01 00 00 00 49 89 56
0x000002442021c59a:   20 49 83 c6 38 4c 89 75 d8 48 8b 9c d8 d0 01 00
0x000002442021c5aa:   00 48 8b 55 d8 48 85 d2 0f 84 2f 01 00 00 80 7a
0x000002442021c5ba:   c8 0b 0f 85 25 01 00 00 48 83 c2 08 4c 8b 6a f8
0x000002442021c5ca:   41 83 ed 00 41 83 fd 02 0f 8c 04 01 00 00 4c 8b
0x000002442021c5da:   6b 08 45 0f b7 6d 34 4c 2b 2a 41 83 ed 01 4e 8b
0x000002442021c5ea:   6c ec 08 4d 85 ed 75 0a 48 81 4a 08 01 00 00 00 


Stack slot to memory mapping:
stack at sp + 0 slots: 0x0000024420209c90 is at code_begin+208 in an Interpreter codelet
invoke return entry points  [0x0000024420209bc0, 0x000002442020a5a0]  2528 bytes
stack at sp + 1 slots: 536871172 is a compressed pointer to class: 0x0000000100000820
stack at sp + 2 slots: 0x000000e8da7fa930 is pointing into the stack for thread: 0x000002443faed000
stack at sp + 3 slots: 0x00000244484f467f is pointing into metadata
stack at sp + 4 slots: 0x000000e8da7fa998 is pointing into the stack for thread: 0x000002443faed000
stack at sp + 5 slots: 0x000002444880e468 is pointing into metadata
stack at sp + 6 slots: 0x0000024448a1d5b0 is pointing into metadata
stack at sp + 7 slots: 0x00000000aa10aed0 is an oop: java.lang.Class 
{0x00000000aa10aed0} - klass: 'java/lang/Class'
 - ---- fields (total size 14 words):
 - private volatile transient strict 'cachedConstructor' 'Ljava/lang/reflect/Constructor;' @12  NULL (0)
 - private volatile transient strict 'newInstanceCallerCache' 'Ljava/lang/Class;' @16  NULL (0)
 - private transient 'name' 'Ljava/lang/String;' @20  "com.sun.tools.javac.tree.TreeScanner"{0x00000000ac4b7ec0} (ac4b7ec0)
 - private transient 'module' 'Ljava/lang/Module;' @24  a 'java/lang/Module'{0x00000000a02d84a8} (a02d84a8)
 - private final 'classLoader' 'Ljava/lang/ClassLoader;' @28  a 'jdk/internal/loader/ClassLoaders$AppClassLoader'{0x00000000a08c3ca0} (a08c3ca0)
 - private transient 'packageName' 'Ljava/lang/String;' @32  "com.sun.tools.javac.tree"{0x00000000a08cff08} (a08cff08)
 - private final strict 'componentType' 'Ljava/lang/Class;' @36  NULL (0)
 - private volatile transient strict 'reflectionData' 'Ljava/lang/ref/SoftReference;' @40  NULL (0)
 - private volatile transient 'genericInfo' 'Lsun/reflect/generics/repository/ClassRepository;' @44  NULL (0)
 - private volatile transient strict 'enumConstants' '[Ljava/lang/Object;' @48  NULL (0)
 - private volatile transient strict 'enumConstantDirectory' 'Ljava/util/Map;' @52  NULL (0)
 - private volatile transient 'annotationData' 'Ljava/lang/Class$AnnotationData;' @56  NULL (0)
 - private volatile transient 'annotationType' 'Lsun/reflect/annotation/AnnotationType;' @60  NULL (0)
 - transient 'classValueMap' 'Ljava/lang/ClassValue$ClassValueMap;' @64  NULL (0)
 - private volatile transient 'classRedefinedCount' 'I' @96  0
 - signature: Lcom/sun/tools/javac/tree/TreeScanner;
 - fake entry for mirror: 'com/sun/tools/javac/tree/TreeScanner'
 - fake entry for array: NULL
 - fake entry for oop_size: 14
 - fake entry for static_oop_field_count: 0

invokevirtual  182 invokevirtual  [0x000002442021c220, 0x000002442021c700]  1248 bytes

---------------  P R O C E S S  ---------------

Threads class SMR info:
_java_thread_list=0x0000024437b32800, length=148, elements={
0x0000024417a71000, 0x00000244360e0800, 0x00000244360eb000, 0x0000024436134800,
0x0000024436135800, 0x0000024436136800, 0x000002443613d000, 0x0000024436140800,
0x0000024436162000, 0x00000244362a6000, 0x00000244387db000, 0x0000024437d9e000,
0x0000024437bf7000, 0x000002443872f000, 0x000002443872b000, 0x0000024438730000,
0x000002443a9b1800, 0x000002443a9b5800, 0x000002443bbf1000, 0x000002443b9ad000,
0x000002443872a800, 0x000002443872c000, 0x000002443872e800, 0x000002443de05800,
0x000002443ddfb000, 0x000002443ddf9800, 0x000002443ddf7800, 0x000002443ddfc000,
0x000002443ddf8800, 0x000002443ddf7000, 0x000002443ddfe800, 0x000002443de00000,
0x000002443ddff000, 0x000002443ddfa000, 0x000002443de04000, 0x000002443de01800,
0x000002443de02800, 0x000002443de05000, 0x000002443de03000, 0x0000024441708800,
0x000002444170d800, 0x000002444170d000, 0x000002444170e800, 0x000002444170f000,
0x0000024441709800, 0x000002444170a800, 0x0000024441711000, 0x000002444170b000,
0x0000024441711800, 0x000002444170c000, 0x0000024441715800, 0x0000024441712800,
0x0000024441713800, 0x0000024441714000, 0x0000024441715000, 0x0000024441716800,
0x0000024441717800, 0x000002443bb10800, 0x000002443bb0e000, 0x000002443bb0f800,
0x000002443bb0b800, 0x000002443bb0c800, 0x000002443bb0f000, 0x000002443bb13000,
0x000002443bb11800, 0x000002443bb0d000, 0x000002443bb18000, 0x000002443bb18800,
0x000002443bb17000, 0x000002443bb19800, 0x000002443bb13800, 0x000002443bb1a800,
0x000002443bb16000, 0x000002443bb14800, 0x000002443bb15800, 0x000002443b9aa000,
0x000002443b9a9000, 0x000002443b9a4800, 0x000002443b9ab000, 0x000002443b9a5000,
0x000002443b9ab800, 0x000002443b9a6000, 0x000002443b9ac800, 0x000002443b9a6800,
0x000002443b9a7800, 0x000002443b9ae000, 0x000002443b9a8800, 0x000002443b9b2000,
0x000002443b9af000, 0x000002443b9af800, 0x000002443b9b1800, 0x000002443b9b0800,
0x0000024447005000, 0x0000024447009000, 0x000002444700a000, 0x0000024447008800,
0x0000024447004800, 0x0000024447006000, 0x000002444700b000, 0x000002444700b800,
0x0000024447007000, 0x0000024447007800, 0x000002444700f800, 0x0000024447012000,
0x0000024447010800, 0x000002444700f000, 0x000002444700e000, 0x0000024447011800,
0x000002444700d800, 0x000002443bbec000, 0x000002443bbef800, 0x000002443bbea800,
0x000002443bbeb800, 0x000002443bbee800, 0x000002443bbf2000, 0x000002443bbf2800,
0x000002443bbed000, 0x000002443bbf4800, 0x000002443bbf5000, 0x000002443bbf6000,
0x000002443bbf9000, 0x000002443bbf7000, 0x000002443bbf7800, 0x000002443bbf3800,
0x000002443bbf8800, 0x000002443fae1000, 0x000002443fae1800, 0x000002443fadf000,
0x000002443fae8000, 0x000002443fae4000, 0x000002443fae6800, 0x000002443fae5000,
0x000002443fae7800, 0x000002443fae2800, 0x000002443fae9000, 0x000002443fae3800,
0x000002443faea000, 0x000002443faeb800, 0x000002443faec800, 0x000002443faed000,
0x000002443faee000, 0x000002443670b000, 0x000002443670c800, 0x000002443670d800,
0x000002443670e800, 0x000002443670f000, 0x0000024436710000, 0x0000024436711000
}

Java Threads: ( => current thread )
  0x0000024417a71000 JavaThread "main" [_thread_blocked, id=9868, stack(0x000000e8d1600000,0x000000e8d1700000)]
  0x00000244360e0800 JavaThread "Reference Handler" daemon [_thread_blocked, id=8636, stack(0x000000e8d1d00000,0x000000e8d1e00000)]
  0x00000244360eb000 JavaThread "Finalizer" daemon [_thread_blocked, id=14452, stack(0x000000e8d1e00000,0x000000e8d1f00000)]
  0x0000024436134800 JavaThread "Signal Dispatcher" daemon [_thread_blocked, id=5956, stack(0x000000e8d1f00000,0x000000e8d2000000)]
  0x0000024436135800 JavaThread "Attach Listener" daemon [_thread_blocked, id=15440, stack(0x000000e8d2000000,0x000000e8d2100000)]
  0x0000024436136800 JavaThread "Service Thread" daemon [_thread_blocked, id=9788, stack(0x000000e8d2100000,0x000000e8d2200000)]
  0x000002443613d000 JavaThread "C2 CompilerThread0" daemon [_thread_in_native, id=11976, stack(0x000000e8d2200000,0x000000e8d2300000)]
  0x0000024436140800 JavaThread "C1 CompilerThread0" daemon [_thread_blocked, id=15608, stack(0x000000e8d2300000,0x000000e8d2400000)]
  0x0000024436162000 JavaThread "Sweeper thread" daemon [_thread_blocked, id=13488, stack(0x000000e8d2400000,0x000000e8d2500000)]
  0x00000244362a6000 JavaThread "Common-Cleaner" daemon [_thread_blocked, id=15284, stack(0x000000e8d2500000,0x000000e8d2600000)]
  0x00000244387db000 JavaThread "Daemon health stats" [_thread_blocked, id=9424, stack(0x000000e8d2b00000,0x000000e8d2c00000)]
  0x0000024437d9e000 JavaThread "Incoming local TCP Connector on port 51430" [_thread_in_native, id=13112, stack(0x000000e8d2e00000,0x000000e8d2f00000)]
  0x0000024437bf7000 JavaThread "Daemon periodic checks" [_thread_blocked, id=17712, stack(0x000000e8d2f00000,0x000000e8d3000000)]
  0x000002443872f000 JavaThread "Cache worker for journal cache (C:\Users\sysdev_prabir\.gradle\caches\journal-1)" [_thread_blocked, id=12384, stack(0x000000e8d3700000,0x000000e8d3800000)]
  0x000002443872b000 JavaThread "File lock request listener" [_thread_in_native, id=11464, stack(0x000000e8d3800000,0x000000e8d3900000)]
  0x0000024438730000 JavaThread "Cache worker for file hash cache (C:\Users\sysdev_prabir\.gradle\caches\6.5\fileHashes)" [_thread_blocked, id=1352, stack(0x000000e8d3e00000,0x000000e8d3f00000)]
  0x000002443a9b1800 JavaThread "Cache worker for execution history cache (C:\Users\sysdev_prabir\.gradle\caches\6.5\executionHistory)" [_thread_blocked, id=7436, stack(0x000000e8d5b00000,0x000000e8d5c00000)]
  0x000002443a9b5800 JavaThread "Cache worker for file content cache (C:\Users\sysdev_prabir\.gradle\caches\6.5\fileContent)" [_thread_blocked, id=3880, stack(0x000000e8d5c00000,0x000000e8d5d00000)]
  0x000002443bbf1000 JavaThread "Memory manager" [_thread_blocked, id=14512, stack(0x000000e8dae00000,0x000000e8daf00000)]
  0x000002443b9ad000 JavaThread "Cache worker for Java compile cache (C:\Users\sysdev_prabir\.gradle\caches\6.5\javaCompile)" [_thread_blocked, id=13196, stack(0x000000e8db100000,0x000000e8db200000)]
  0x000002443872a800 JavaThread "ForkJoinPool.commonPool-worker-3" daemon [_thread_blocked, id=10544, stack(0x000000e8dbb00000,0x000000e8dbc00000)]
  0x000002443872c000 JavaThread "ForkJoinPool.commonPool-worker-9" daemon [_thread_blocked, id=2200, stack(0x000000e8dbc00000,0x000000e8dbd00000)]
  0x000002443872e800 JavaThread "ForkJoinPool.commonPool-worker-13" daemon [_thread_blocked, id=6884, stack(0x000000e8dbe00000,0x000000e8dbf00000)]
  0x000002443de05800 JavaThread "ForkJoinPool.commonPool-worker-1" daemon [_thread_blocked, id=564, stack(0x000000e8dbf00000,0x000000e8dc000000)]
  0x000002443ddfb000 JavaThread "Daemon Thread 16" [_thread_blocked, id=13272, stack(0x000000e8d1300000,0x000000e8d1400000)]
  0x000002443ddf9800 JavaThread "Handler for socket connection from /127.0.0.1:51430 to /127.0.0.1:61199" [_thread_in_native, id=1492, stack(0x000000e8d1400000,0x000000e8d1500000)]
  0x000002443ddf7800 JavaThread "Cancel handler" [_thread_blocked, id=14812, stack(0x000000e8d1500000,0x000000e8d1600000)]
  0x000002443ddfc000 JavaThread "Daemon worker Thread 16" [_thread_blocked, id=12920, stack(0x000000e8d2700000,0x000000e8d2800000)]
  0x000002443ddf8800 JavaThread "Asynchronous log dispatcher for DefaultDaemonConnection: socket connection from /127.0.0.1:51430 to /127.0.0.1:61199" [_thread_blocked, id=14332, stack(0x000000e8d2a00000,0x000000e8d2b00000)]
  0x000002443ddf7000 JavaThread "Stdin handler" [_thread_blocked, id=2376, stack(0x000000e8d2c00000,0x000000e8d2d00000)]
  0x000002443ddfe800 JavaThread "Thread-2153" [_thread_blocked, id=11968, stack(0x000000e8d2d00000,0x000000e8d2e00000)]
  0x000002443de00000 JavaThread "Cache worker for file hash cache (C:\Users\sysdev_prabir\Documents\GeniusPayhrV1\.gradle\6.5\fileHashes)" [_thread_blocked, id=7832, stack(0x000000e8d3000000,0x000000e8d3100000)]
  0x000002443ddff000 JavaThread "Cache worker for checksums cache (C:\Users\sysdev_prabir\Documents\GeniusPayhrV1\.gradle\checksums)" [_thread_blocked, id=16880, stack(0x000000e8d3100000,0x000000e8d3200000)]
  0x000002443ddfa000 JavaThread "Cache worker for cache directory md-supplier (C:\Users\sysdev_prabir\.gradle\caches\6.5\md-supplier)" [_thread_blocked, id=12100, stack(0x000000e8d3200000,0x000000e8d3300000)]
  0x000002443de04000 JavaThread "Cache worker for cache directory md-rule (C:\Users\sysdev_prabir\.gradle\caches\6.5\md-rule)" [_thread_blocked, id=6672, stack(0x000000e8d3300000,0x000000e8d3400000)]
  0x000002443de01800 JavaThread "Build operations" [_thread_blocked, id=15204, stack(0x000000e8d3400000,0x000000e8d3500000)]
  0x000002443de02800 JavaThread "Build operations Thread 2" [_thread_blocked, id=16296, stack(0x000000e8d3500000,0x000000e8d3600000)]
  0x000002443de05000 JavaThread "Build operations Thread 3" [_thread_blocked, id=4400, stack(0x000000e8d3600000,0x000000e8d3700000)]
  0x000002443de03000 JavaThread "Build operations Thread 4" [_thread_blocked, id=1072, stack(0x000000e8d4000000,0x000000e8d4100000)]
  0x0000024441708800 JavaThread "Build operations Thread 5" [_thread_blocked, id=868, stack(0x000000e8d4100000,0x000000e8d4200000)]
  0x000002444170d800 JavaThread "Build operations Thread 6" [_thread_blocked, id=14164, stack(0x000000e8d4200000,0x000000e8d4300000)]
  0x000002444170d000 JavaThread "Build operations Thread 7" [_thread_blocked, id=6432, stack(0x000000e8d4300000,0x000000e8d4400000)]
  0x000002444170e800 JavaThread "Build operations Thread 8" [_thread_blocked, id=1280, stack(0x000000e8d4400000,0x000000e8d4500000)]
  0x000002444170f000 JavaThread "jar transforms Thread 1505" [_thread_blocked, id=8152, stack(0x000000e8d4500000,0x000000e8d4600000)]
  0x0000024441709800 JavaThread "jar transforms Thread 1506" [_thread_blocked, id=17928, stack(0x000000e8d4600000,0x000000e8d4700000)]
  0x000002444170a800 JavaThread "jar transforms Thread 1507" [_thread_blocked, id=12436, stack(0x000000e8d4700000,0x000000e8d4800000)]
  0x0000024441711000 JavaThread "jar transforms Thread 1508" [_thread_blocked, id=7264, stack(0x000000e8d4800000,0x000000e8d4900000)]
  0x000002444170b000 JavaThread "jar transforms Thread 1509" [_thread_blocked, id=9084, stack(0x000000e8d4900000,0x000000e8d4a00000)]
  0x0000024441711800 JavaThread "jar transforms Thread 1510" [_thread_blocked, id=8996, stack(0x000000e8d4a00000,0x000000e8d4b00000)]
  0x000002444170c000 JavaThread "jar transforms Thread 1511" [_thread_blocked, id=4908, stack(0x000000e8d4b00000,0x000000e8d4c00000)]
  0x0000024441715800 JavaThread "jar transforms Thread 1512" [_thread_blocked, id=6800, stack(0x000000e8d4c00000,0x000000e8d4d00000)]
  0x0000024441712800 JavaThread "jar transforms Thread 1513" [_thread_blocked, id=8856, stack(0x000000e8d4d00000,0x000000e8d4e00000)]
  0x0000024441713800 JavaThread "jar transforms Thread 1514" [_thread_blocked, id=14740, stack(0x000000e8d4e00000,0x000000e8d4f00000)]
  0x0000024441714000 JavaThread "jar transforms Thread 1515" [_thread_blocked, id=9244, stack(0x000000e8d4f00000,0x000000e8d5000000)]
  0x0000024441715000 JavaThread "jar transforms Thread 1516" [_thread_blocked, id=8876, stack(0x000000e8d5000000,0x000000e8d5100000)]
  0x0000024441716800 JavaThread "jar transforms Thread 1517" [_thread_blocked, id=2164, stack(0x000000e8d5100000,0x000000e8d5200000)]
  0x0000024441717800 JavaThread "jar transforms Thread 1518" [_thread_blocked, id=3720, stack(0x000000e8d5200000,0x000000e8d5300000)]
  0x000002443bb10800 JavaThread "jar transforms Thread 1519" [_thread_blocked, id=15868, stack(0x000000e8d5300000,0x000000e8d5400000)]
  0x000002443bb0e000 JavaThread "jar transforms Thread 1520" [_thread_blocked, id=13836, stack(0x000000e8d5400000,0x000000e8d5500000)]
  0x000002443bb0f800 JavaThread "jar transforms Thread 1521" [_thread_blocked, id=10312, stack(0x000000e8d5500000,0x000000e8d5600000)]
  0x000002443bb0b800 JavaThread "jar transforms Thread 1522" [_thread_blocked, id=14956, stack(0x000000e8d5600000,0x000000e8d5700000)]
  0x000002443bb0c800 JavaThread "jar transforms Thread 1523" [_thread_blocked, id=16808, stack(0x000000e8d5700000,0x000000e8d5800000)]
  0x000002443bb0f000 JavaThread "jar transforms Thread 1524" [_thread_blocked, id=9440, stack(0x000000e8d5800000,0x000000e8d5900000)]
  0x000002443bb13000 JavaThread "jar transforms Thread 1525" [_thread_blocked, id=16768, stack(0x000000e8d5900000,0x000000e8d5a00000)]
  0x000002443bb11800 JavaThread "jar transforms Thread 1526" [_thread_blocked, id=4024, stack(0x000000e8d5a00000,0x000000e8d5b00000)]
  0x000002443bb0d000 JavaThread "jar transforms Thread 1527" [_thread_blocked, id=4264, stack(0x000000e8d5d00000,0x000000e8d5e00000)]
  0x000002443bb18000 JavaThread "jar transforms Thread 1528" [_thread_blocked, id=15376, stack(0x000000e8d5e00000,0x000000e8d5f00000)]
  0x000002443bb18800 JavaThread "jar transforms Thread 1529" [_thread_blocked, id=9408, stack(0x000000e8d5f00000,0x000000e8d6000000)]
  0x000002443bb17000 JavaThread "jar transforms Thread 1530" [_thread_blocked, id=15460, stack(0x000000e8d6000000,0x000000e8d6100000)]
  0x000002443bb19800 JavaThread "jar transforms Thread 1531" [_thread_blocked, id=12744, stack(0x000000e8d6100000,0x000000e8d6200000)]
  0x000002443bb13800 JavaThread "jar transforms Thread 1532" [_thread_blocked, id=11428, stack(0x000000e8d6200000,0x000000e8d6300000)]
  0x000002443bb1a800 JavaThread "jar transforms Thread 1533" [_thread_blocked, id=10944, stack(0x000000e8d6300000,0x000000e8d6400000)]
  0x000002443bb16000 JavaThread "jar transforms Thread 1534" [_thread_blocked, id=17184, stack(0x000000e8d6400000,0x000000e8d6500000)]
  0x000002443bb14800 JavaThread "jar transforms Thread 1535" [_thread_blocked, id=12032, stack(0x000000e8d6500000,0x000000e8d6600000)]
  0x000002443bb15800 JavaThread "jar transforms Thread 1536" [_thread_blocked, id=3836, stack(0x000000e8d6600000,0x000000e8d6700000)]
  0x000002443b9aa000 JavaThread "jar transforms Thread 1537" [_thread_blocked, id=15640, stack(0x000000e8d6700000,0x000000e8d6800000)]
  0x000002443b9a9000 JavaThread "jar transforms Thread 1538" [_thread_blocked, id=9820, stack(0x000000e8d6800000,0x000000e8d6900000)]
  0x000002443b9a4800 JavaThread "jar transforms Thread 1539" [_thread_blocked, id=10892, stack(0x000000e8d6900000,0x000000e8d6a00000)]
  0x000002443b9ab000 JavaThread "jar transforms Thread 1540" [_thread_blocked, id=12820, stack(0x000000e8d6a00000,0x000000e8d6b00000)]
  0x000002443b9a5000 JavaThread "jar transforms Thread 1541" [_thread_blocked, id=1828, stack(0x000000e8d6b00000,0x000000e8d6c00000)]
  0x000002443b9ab800 JavaThread "jar transforms Thread 1542" [_thread_blocked, id=9748, stack(0x000000e8d6c00000,0x000000e8d6d00000)]
  0x000002443b9a6000 JavaThread "jar transforms Thread 1543" [_thread_blocked, id=10768, stack(0x000000e8d6d00000,0x000000e8d6e00000)]
  0x000002443b9ac800 JavaThread "jar transforms Thread 1544" [_thread_blocked, id=8208, stack(0x000000e8d6e00000,0x000000e8d6f00000)]
  0x000002443b9a6800 JavaThread "jar transforms Thread 1545" [_thread_blocked, id=3260, stack(0x000000e8d6f00000,0x000000e8d7000000)]
  0x000002443b9a7800 JavaThread "jar transforms Thread 1546" [_thread_blocked, id=3892, stack(0x000000e8d7000000,0x000000e8d7100000)]
  0x000002443b9ae000 JavaThread "jar transforms Thread 1547" [_thread_blocked, id=10376, stack(0x000000e8d7100000,0x000000e8d7200000)]
  0x000002443b9a8800 JavaThread "jar transforms Thread 1548" [_thread_blocked, id=4360, stack(0x000000e8d7200000,0x000000e8d7300000)]
  0x000002443b9b2000 JavaThread "jar transforms Thread 1549" [_thread_blocked, id=13060, stack(0x000000e8d7300000,0x000000e8d7400000)]
  0x000002443b9af000 JavaThread "jar transforms Thread 1550" [_thread_blocked, id=14612, stack(0x000000e8d7400000,0x000000e8d7500000)]
  0x000002443b9af800 JavaThread "jar transforms Thread 1551" [_thread_blocked, id=12420, stack(0x000000e8d7500000,0x000000e8d7600000)]
  0x000002443b9b1800 JavaThread "jar transforms Thread 1552" [_thread_blocked, id=3728, stack(0x000000e8d7600000,0x000000e8d7700000)]
  0x000002443b9b0800 JavaThread "jar transforms Thread 1553" [_thread_blocked, id=17828, stack(0x000000e8d7700000,0x000000e8d7800000)]
  0x0000024447005000 JavaThread "jar transforms Thread 1554" [_thread_blocked, id=13016, stack(0x000000e8d7800000,0x000000e8d7900000)]
  0x0000024447009000 JavaThread "jar transforms Thread 1555" [_thread_blocked, id=13256, stack(0x000000e8d7900000,0x000000e8d7a00000)]
  0x000002444700a000 JavaThread "jar transforms Thread 1556" [_thread_blocked, id=16976, stack(0x000000e8d7a00000,0x000000e8d7b00000)]
  0x0000024447008800 JavaThread "jar transforms Thread 1557" [_thread_blocked, id=4076, stack(0x000000e8d7b00000,0x000000e8d7c00000)]
  0x0000024447004800 JavaThread "jar transforms Thread 1558" [_thread_blocked, id=3016, stack(0x000000e8d7c00000,0x000000e8d7d00000)]
  0x0000024447006000 JavaThread "jar transforms Thread 1559" [_thread_blocked, id=13120, stack(0x000000e8d7d00000,0x000000e8d7e00000)]
  0x000002444700b000 JavaThread "jar transforms Thread 1560" [_thread_blocked, id=4336, stack(0x000000e8d7e00000,0x000000e8d7f00000)]
  0x000002444700b800 JavaThread "jar transforms Thread 1561" [_thread_blocked, id=2184, stack(0x000000e8d7f00000,0x000000e8d8000000)]
  0x0000024447007000 JavaThread "jar transforms Thread 1562" [_thread_blocked, id=14168, stack(0x000000e8d8000000,0x000000e8d8100000)]
  0x0000024447007800 JavaThread "jar transforms Thread 1563" [_thread_blocked, id=15604, stack(0x000000e8d8100000,0x000000e8d8200000)]
  0x000002444700f800 JavaThread "jar transforms Thread 1564" [_thread_blocked, id=18068, stack(0x000000e8d8200000,0x000000e8d8300000)]
  0x0000024447012000 JavaThread "jar transforms Thread 1565" [_thread_blocked, id=11588, stack(0x000000e8d8300000,0x000000e8d8400000)]
  0x0000024447010800 JavaThread "jar transforms Thread 1566" [_thread_blocked, id=13888, stack(0x000000e8d8400000,0x000000e8d8500000)]
  0x000002444700f000 JavaThread "jar transforms Thread 1567" [_thread_blocked, id=18032, stack(0x000000e8d8500000,0x000000e8d8600000)]
  0x000002444700e000 JavaThread "jar transforms Thread 1568" [_thread_blocked, id=15732, stack(0x000000e8d8600000,0x000000e8d8700000)]
  0x0000024447011800 JavaThread "jar transforms Thread 1569" [_thread_blocked, id=11392, stack(0x000000e8d8700000,0x000000e8d8800000)]
  0x000002444700d800 JavaThread "jar transforms Thread 1570" [_thread_blocked, id=14084, stack(0x000000e8d8800000,0x000000e8d8900000)]
  0x000002443bbec000 JavaThread "jar transforms Thread 1571" [_thread_blocked, id=18184, stack(0x000000e8d8900000,0x000000e8d8a00000)]
  0x000002443bbef800 JavaThread "jar transforms Thread 1572" [_thread_blocked, id=11772, stack(0x000000e8d8a00000,0x000000e8d8b00000)]
  0x000002443bbea800 JavaThread "jar transforms Thread 1573" [_thread_blocked, id=16484, stack(0x000000e8d8b00000,0x000000e8d8c00000)]
  0x000002443bbeb800 JavaThread "jar transforms Thread 1574" [_thread_blocked, id=17568, stack(0x000000e8d8c00000,0x000000e8d8d00000)]
  0x000002443bbee800 JavaThread "jar transforms Thread 1575" [_thread_blocked, id=12496, stack(0x000000e8d8d00000,0x000000e8d8e00000)]
  0x000002443bbf2000 JavaThread "jar transforms Thread 1576" [_thread_blocked, id=5772, stack(0x000000e8d8e00000,0x000000e8d8f00000)]
  0x000002443bbf2800 JavaThread "jar transforms Thread 1577" [_thread_blocked, id=3960, stack(0x000000e8d8f00000,0x000000e8d9000000)]
  0x000002443bbed000 JavaThread "jar transforms Thread 1578" [_thread_blocked, id=15912, stack(0x000000e8d9000000,0x000000e8d9100000)]
  0x000002443bbf4800 JavaThread "jar transforms Thread 1579" [_thread_blocked, id=10416, stack(0x000000e8d9100000,0x000000e8d9200000)]
  0x000002443bbf5000 JavaThread "jar transforms Thread 1580" [_thread_blocked, id=8748, stack(0x000000e8d9200000,0x000000e8d9300000)]
  0x000002443bbf6000 JavaThread "jar transforms Thread 1581" [_thread_blocked, id=3420, stack(0x000000e8d9300000,0x000000e8d9400000)]
  0x000002443bbf9000 JavaThread "jar transforms Thread 1582" [_thread_blocked, id=13472, stack(0x000000e8d9400000,0x000000e8d9500000)]
  0x000002443bbf7000 JavaThread "jar transforms Thread 1583" [_thread_blocked, id=15976, stack(0x000000e8d9500000,0x000000e8d9600000)]
  0x000002443bbf7800 JavaThread "jar transforms Thread 1584" [_thread_blocked, id=16464, stack(0x000000e8d9600000,0x000000e8d9700000)]
  0x000002443bbf3800 JavaThread "jar transforms Thread 1585" [_thread_blocked, id=8576, stack(0x000000e8d9700000,0x000000e8d9800000)]
  0x000002443bbf8800 JavaThread "jar transforms Thread 1586" [_thread_blocked, id=11576, stack(0x000000e8d9800000,0x000000e8d9900000)]
  0x000002443fae1000 JavaThread "jar transforms Thread 1587" [_thread_blocked, id=9904, stack(0x000000e8d9900000,0x000000e8d9a00000)]
  0x000002443fae1800 JavaThread "jar transforms Thread 1588" [_thread_blocked, id=2272, stack(0x000000e8d9a00000,0x000000e8d9b00000)]
  0x000002443fadf000 JavaThread "jar transforms Thread 1589" [_thread_blocked, id=15824, stack(0x000000e8d9b00000,0x000000e8d9c00000)]
  0x000002443fae8000 JavaThread "jar transforms Thread 1590" [_thread_blocked, id=15040, stack(0x000000e8d9c00000,0x000000e8d9d00000)]
  0x000002443fae4000 JavaThread "jar transforms Thread 1591" [_thread_blocked, id=10228, stack(0x000000e8d9d00000,0x000000e8d9e00000)]
  0x000002443fae6800 JavaThread "jar transforms Thread 1592" [_thread_blocked, id=9536, stack(0x000000e8d9e00000,0x000000e8d9f00000)]
  0x000002443fae5000 JavaThread "jar transforms Thread 1593" [_thread_blocked, id=8456, stack(0x000000e8d9f00000,0x000000e8da000000)]
  0x000002443fae7800 JavaThread "jar transforms Thread 1594" [_thread_blocked, id=6164, stack(0x000000e8da000000,0x000000e8da100000)]
  0x000002443fae2800 JavaThread "jar transforms Thread 1595" [_thread_blocked, id=13716, stack(0x000000e8da100000,0x000000e8da200000)]
  0x000002443fae9000 JavaThread "jar transforms Thread 1596" [_thread_blocked, id=14972, stack(0x000000e8da200000,0x000000e8da300000)]
  0x000002443fae3800 JavaThread "jar transforms Thread 1597" [_thread_blocked, id=13372, stack(0x000000e8da300000,0x000000e8da400000)]
  0x000002443faea000 JavaThread "jar transforms Thread 1598" [_thread_blocked, id=14948, stack(0x000000e8da400000,0x000000e8da500000)]
  0x000002443faeb800 JavaThread "Cache worker for Build Output Cleanup Cache (C:\Users\sysdev_prabir\Documents\GeniusPayhrV1\.gradle\buildOutputCleanup)" [_thread_blocked, id=11776, stack(0x000000e8da500000,0x000000e8da600000)]
  0x000002443faec800 JavaThread "Cache worker for file content cache (C:\Users\sysdev_prabir\Documents\GeniusPayhrV1\.gradle\6.5\fileContent)" [_thread_blocked, id=13212, stack(0x000000e8da600000,0x000000e8da700000)]
=>0x000002443faed000 JavaThread "Execution worker for ':'" [_thread_in_Java, id=17276, stack(0x000000e8da700000,0x000000e8da800000)]
  0x000002443faee000 JavaThread "Execution worker for ':' Thread 2" [_thread_blocked, id=4936, stack(0x000000e8da800000,0x000000e8da900000)]
  0x000002443670b000 JavaThread "Execution worker for ':' Thread 3" [_thread_blocked, id=9572, stack(0x000000e8da900000,0x000000e8daa00000)]
  0x000002443670c800 JavaThread "Execution worker for ':' Thread 4" [_thread_blocked, id=12292, stack(0x000000e8daa00000,0x000000e8dab00000)]
  0x000002443670d800 JavaThread "Execution worker for ':' Thread 5" [_thread_blocked, id=5376, stack(0x000000e8dab00000,0x000000e8dac00000)]
  0x000002443670e800 JavaThread "Execution worker for ':' Thread 6" [_thread_blocked, id=5248, stack(0x000000e8dac00000,0x000000e8dad00000)]
  0x000002443670f000 JavaThread "Execution worker for ':' Thread 7" [_thread_blocked, id=15916, stack(0x000000e8dad00000,0x000000e8dae00000)]
  0x0000024436710000 JavaThread "Cache worker for execution history cache (C:\Users\sysdev_prabir\Documents\GeniusPayhrV1\.gradle\6.5\executionHistory)" [_thread_blocked, id=7052, stack(0x000000e8daf00000,0x000000e8db000000)]
  0x0000024436711000 JavaThread "Cache worker for Java compile cache (C:\Users\sysdev_prabir\Documents\GeniusPayhrV1\.gradle\6.5\javaCompile)" [_thread_blocked, id=17056, stack(0x000000e8db000000,0x000000e8db100000)]

Other Threads:
  0x00000244358b3000 VMThread "VM Thread" [stack: 0x000000e8d1c00000,0x000000e8d1d00000] [id=12552]
  0x00000244362ed800 WatcherThread [stack: 0x000000e8d2600000,0x000000e8d2700000] [id=14864]
  0x0000024417a8b800 GCTaskThread "GC Thread#0" [stack: 0x000000e8d1700000,0x000000e8d1800000] [id=10084]
  0x0000024436f6c800 GCTaskThread "GC Thread#1" [stack: 0x000000e8d2800000,0x000000e8d2900000] [id=10328]
  0x000002443701e000 GCTaskThread "GC Thread#2" [stack: 0x000000e8d2900000,0x000000e8d2a00000] [id=14428]
  0x00000244377ea800 GCTaskThread "GC Thread#3" [stack: 0x000000e8d3900000,0x000000e8d3a00000] [id=3248]
  0x0000024438439800 GCTaskThread "GC Thread#4" [stack: 0x000000e8d3a00000,0x000000e8d3b00000] [id=16852]
  0x00000244377ef800 GCTaskThread "GC Thread#5" [stack: 0x000000e8d3b00000,0x000000e8d3c00000] [id=11944]
  0x000002443847d800 GCTaskThread "GC Thread#6" [stack: 0x000000e8d3c00000,0x000000e8d3d00000] [id=9796]
  0x000002443847e000 GCTaskThread "GC Thread#7" [stack: 0x000000e8d3d00000,0x000000e8d3e00000] [id=12192]
  0x0000024417ab1800 ConcurrentGCThread "G1 Main Marker" [stack: 0x000000e8d1800000,0x000000e8d1900000] [id=15044]
  0x0000024417ab3000 ConcurrentGCThread "G1 Conc#0" [stack: 0x000000e8d1900000,0x000000e8d1a00000] [id=16432]
  0x0000024436dc3000 ConcurrentGCThread "G1 Conc#1" [stack: 0x000000e8d3f00000,0x000000e8d4000000] [id=15800]
  0x0000024435716800 ConcurrentGCThread "G1 Refine#0" [stack: 0x000000e8d1a00000,0x000000e8d1b00000] [id=7388]
  0x0000024435717800 ConcurrentGCThread "G1 Young RemSet Sampling" [stack: 0x000000e8d1b00000,0x000000e8d1c00000] [id=3080]

Threads with active compile tasks:
C2 CompilerThread0  9232062 42257       4       android.databinding.tool.reflection.SdkUtil$ApiChecker::buildFullLookup (252 bytes)

VM state:not at safepoint (normal execution)

VM Mutex/Monitor currently owned by a thread: None

Heap address: 0x00000000a0000000, size: 1536 MB, Compressed Oops mode: 32-bit
Narrow klass base: 0x0000000000000000, Narrow klass shift: 3
Compressed class space size: 1073741824 Address: 0x0000000100000000

Heap:
 garbage-first heap   total 745472K, used 379392K [0x00000000a0000000, 0x0000000100000000)
  region size 1024K, 68 young (69632K), 4 survivors (4096K)
 Metaspace       used 159490K, capacity 164634K, committed 164988K, reserved 1193984K
  class space    used 18944K, capacity 20741K, committed 20864K, reserved 1048576K
Heap Regions: E=young(eden), S=young(survivor), O=old, HS=humongous(starts), HC=humongous(continues), CS=collection set, F=free, A=archive, TAMS=top-at-mark-start (previous, next)
|   0|0x00000000a0000000, 0x00000000a0100000, 0x00000000a0100000|100%| O|  |TAMS 0x00000000a0100000, 0x00000000a0000000| Untracked 
|   1|0x00000000a0100000, 0x00000000a0200000, 0x00000000a0200000|100%| O|  |TAMS 0x00000000a0200000, 0x00000000a0100000| Untracked 
|   2|0x00000000a0200000, 0x00000000a0300000, 0x00000000a0300000|100%| O|  |TAMS 0x00000000a0300000, 0x00000000a0200000| Untracked 
|   3|0x00000000a0300000, 0x00000000a0400000, 0x00000000a0400000|100%|HS|  |TAMS 0x00000000a0400000, 0x00000000a0300000| Complete 
|   4|0x00000000a0400000, 0x00000000a0500000, 0x00000000a0500000|100%|HC|  |TAMS 0x00000000a0500000, 0x00000000a0400000| Complete 
|   5|0x00000000a0500000, 0x00000000a0600000, 0x00000000a0600000|100%|HC|  |TAMS 0x00000000a0600000, 0x00000000a0500000| Complete 
|   6|0x00000000a0600000, 0x00000000a0700000, 0x00000000a0700000|100%| O|  |TAMS 0x00000000a0700000, 0x00000000a0600000| Untracked 
|   7|0x00000000a0700000, 0x00000000a0800000, 0x00000000a0800000|100%| O|  |TAMS 0x00000000a0800000, 0x00000000a0700000| Untracked 
|   8|0x00000000a0800000, 0x00000000a0900000, 0x00000000a0900000|100%| O|  |TAMS 0x00000000a0900000, 0x00000000a0800000| Untracked 
|   9|0x00000000a0900000, 0x00000000a0a00000, 0x00000000a0a00000|100%| O|  |TAMS 0x00000000a0a00000, 0x00000000a0900000| Untracked 
|  10|0x00000000a0a00000, 0x00000000a0b00000, 0x00000000a0b00000|100%| O|  |TAMS 0x00000000a0b00000, 0x00000000a0a00000| Untracked 
|  11|0x00000000a0b00000, 0x00000000a0c00000, 0x00000000a0c00000|100%| O|  |TAMS 0x00000000a0c00000, 0x00000000a0b00000| Untracked 
|  12|0x00000000a0c00000, 0x00000000a0d00000, 0x00000000a0d00000|100%| O|  |TAMS 0x00000000a0d00000, 0x00000000a0c00000| Untracked 
|  13|0x00000000a0d00000, 0x00000000a0e00000, 0x00000000a0e00000|100%| O|  |TAMS 0x00000000a0e00000, 0x00000000a0d00000| Untracked 
|  14|0x00000000a0e00000, 0x00000000a0f00000, 0x00000000a0f00000|100%| O|  |TAMS 0x00000000a0f00000, 0x00000000a0e00000| Untracked 
|  15|0x00000000a0f00000, 0x00000000a1000000, 0x00000000a1000000|100%| O|  |TAMS 0x00000000a1000000, 0x00000000a0f00000| Untracked 
|  16|0x00000000a1000000, 0x00000000a1100000, 0x00000000a1100000|100%| O|  |TAMS 0x00000000a1100000, 0x00000000a1000000| Untracked 
|  17|0x00000000a1100000, 0x00000000a1200000, 0x00000000a1200000|100%|HS|  |TAMS 0x00000000a1200000, 0x00000000a1100000| Complete 
|  18|0x00000000a1200000, 0x00000000a1300000, 0x00000000a1300000|100%|HC|  |TAMS 0x00000000a1300000, 0x00000000a1200000| Complete 
|  19|0x00000000a1300000, 0x00000000a1400000, 0x00000000a1400000|100%|HS|  |TAMS 0x00000000a1400000, 0x00000000a1300000| Complete 
|  20|0x00000000a1400000, 0x00000000a1500000, 0x00000000a1500000|100%|HC|  |TAMS 0x00000000a1500000, 0x00000000a1400000| Complete 
|  21|0x00000000a1500000, 0x00000000a1600000, 0x00000000a1600000|100%|HC|  |TAMS 0x00000000a1600000, 0x00000000a1500000| Complete 
|  22|0x00000000a1600000, 0x00000000a1700000, 0x00000000a1700000|100%|HS|  |TAMS 0x00000000a1700000, 0x00000000a1600000| Complete 
|  23|0x00000000a1700000, 0x00000000a1800000, 0x00000000a1800000|100%|HC|  |TAMS 0x00000000a1800000, 0x00000000a1700000| Complete 
|  24|0x00000000a1800000, 0x00000000a1900000, 0x00000000a1900000|100%|HS|  |TAMS 0x00000000a1900000, 0x00000000a1800000| Complete 
|  25|0x00000000a1900000, 0x00000000a1a00000, 0x00000000a1a00000|100%|HC|  |TAMS 0x00000000a1a00000, 0x00000000a1900000| Complete 
|  26|0x00000000a1a00000, 0x00000000a1b00000, 0x00000000a1b00000|100%|HC|  |TAMS 0x00000000a1b00000, 0x00000000a1a00000| Complete 
|  27|0x00000000a1b00000, 0x00000000a1c00000, 0x00000000a1c00000|100%|HC|  |TAMS 0x00000000a1c00000, 0x00000000a1b00000| Complete 
|  28|0x00000000a1c00000, 0x00000000a1d00000, 0x00000000a1d00000|100%|HC|  |TAMS 0x00000000a1d00000, 0x00000000a1c00000| Complete 
|  29|0x00000000a1d00000, 0x00000000a1e00000, 0x00000000a1e00000|100%|HC|  |TAMS 0x00000000a1e00000, 0x00000000a1d00000| Complete 
|  30|0x00000000a1e00000, 0x00000000a1f00000, 0x00000000a1f00000|100%|HC|  |TAMS 0x00000000a1f00000, 0x00000000a1e00000| Complete 
|  31|0x00000000a1f00000, 0x00000000a2000000, 0x00000000a2000000|100%|HC|  |TAMS 0x00000000a2000000, 0x00000000a1f00000| Complete 
|  32|0x00000000a2000000, 0x00000000a2100000, 0x00000000a2100000|100%|HC|  |TAMS 0x00000000a2100000, 0x00000000a2000000| Complete 
|  33|0x00000000a2100000, 0x00000000a2200000, 0x00000000a2200000|100%|HC|  |TAMS 0x00000000a2200000, 0x00000000a2100000| Complete 
|  34|0x00000000a2200000, 0x00000000a2300000, 0x00000000a2300000|100%|HC|  |TAMS 0x00000000a2300000, 0x00000000a2200000| Complete 
|  35|0x00000000a2300000, 0x00000000a2400000, 0x00000000a2400000|100%|HC|  |TAMS 0x00000000a2400000, 0x00000000a2300000| Complete 
|  36|0x00000000a2400000, 0x00000000a2500000, 0x00000000a2500000|100%|HS|  |TAMS 0x00000000a2500000, 0x00000000a2400000| Complete 
|  37|0x00000000a2500000, 0x00000000a2600000, 0x00000000a2600000|100%|HC|  |TAMS 0x00000000a2600000, 0x00000000a2500000| Complete 
|  38|0x00000000a2600000, 0x00000000a2700000, 0x00000000a2700000|100%| O|  |TAMS 0x00000000a2700000, 0x00000000a2600000| Untracked 
|  39|0x00000000a2700000, 0x00000000a2800000, 0x00000000a2800000|100%| O|  |TAMS 0x00000000a2800000, 0x00000000a2700000| Untracked 
|  40|0x00000000a2800000, 0x00000000a2900000, 0x00000000a2900000|100%| O|  |TAMS 0x00000000a2900000, 0x00000000a2800000| Untracked 
|  41|0x00000000a2900000, 0x00000000a2a00000, 0x00000000a2a00000|100%| O|  |TAMS 0x00000000a2a00000, 0x00000000a2900000| Untracked 
|  42|0x00000000a2a00000, 0x00000000a2b00000, 0x00000000a2b00000|100%| O|  |TAMS 0x00000000a2b00000, 0x00000000a2a00000| Untracked 
|  43|0x00000000a2b00000, 0x00000000a2c00000, 0x00000000a2c00000|100%| O|  |TAMS 0x00000000a2c00000, 0x00000000a2b00000| Untracked 
|  44|0x00000000a2c00000, 0x00000000a2d00000, 0x00000000a2d00000|100%| O|  |TAMS 0x00000000a2d00000, 0x00000000a2c00000| Untracked 
|  45|0x00000000a2d00000, 0x00000000a2e00000, 0x00000000a2e00000|100%| O|  |TAMS 0x00000000a2e00000, 0x00000000a2d00000| Untracked 
|  46|0x00000000a2e00000, 0x00000000a2f00000, 0x00000000a2f00000|100%| O|  |TAMS 0x00000000a2f00000, 0x00000000a2e00000| Untracked 
|  47|0x00000000a2f00000, 0x00000000a3000000, 0x00000000a3000000|100%| O|  |TAMS 0x00000000a3000000, 0x00000000a2f00000| Untracked 
|  48|0x00000000a3000000, 0x00000000a3100000, 0x00000000a3100000|100%| O|  |TAMS 0x00000000a3100000, 0x00000000a3000000| Untracked 
|  49|0x00000000a3100000, 0x00000000a3200000, 0x00000000a3200000|100%| O|  |TAMS 0x00000000a3200000, 0x00000000a3100000| Untracked 
|  50|0x00000000a3200000, 0x00000000a3300000, 0x00000000a3300000|100%| O|  |TAMS 0x00000000a3300000, 0x00000000a3200000| Untracked 
|  51|0x00000000a3300000, 0x00000000a3300000, 0x00000000a3400000|  0%| F|  |TAMS 0x00000000a3300000, 0x00000000a3300000| Untracked 
|  52|0x00000000a3400000, 0x00000000a3500000, 0x00000000a3500000|100%| O|  |TAMS 0x00000000a3500000, 0x00000000a3400000| Untracked 
|  53|0x00000000a3500000, 0x00000000a3600000, 0x00000000a3600000|100%| O|  |TAMS 0x00000000a3500000, 0x00000000a3500000| Untracked 
|  54|0x00000000a3600000, 0x00000000a3700000, 0x00000000a3700000|100%| O|  |TAMS 0x00000000a3700000, 0x00000000a3600000| Untracked 
|  55|0x00000000a3700000, 0x00000000a3800000, 0x00000000a3800000|100%|HS|  |TAMS 0x00000000a3800000, 0x00000000a3700000| Complete 
|  56|0x00000000a3800000, 0x00000000a3900000, 0x00000000a3900000|100%|HS|  |TAMS 0x00000000a3900000, 0x00000000a3800000| Complete 
|  57|0x00000000a3900000, 0x00000000a3a00000, 0x00000000a3a00000|100%|HC|  |TAMS 0x00000000a3a00000, 0x00000000a3900000| Complete 
|  58|0x00000000a3a00000, 0x00000000a3b00000, 0x00000000a3b00000|100%| O|  |TAMS 0x00000000a3a00000, 0x00000000a3a00000| Untracked 
|  59|0x00000000a3b00000, 0x00000000a3c00000, 0x00000000a3c00000|100%| O|  |TAMS 0x00000000a3c00000, 0x00000000a3b00000| Untracked 
|  60|0x00000000a3c00000, 0x00000000a3d00000, 0x00000000a3d00000|100%| O|  |TAMS 0x00000000a3d00000, 0x00000000a3c00000| Untracked 
|  61|0x00000000a3d00000, 0x00000000a3e00000, 0x00000000a3e00000|100%| O|  |TAMS 0x00000000a3e00000, 0x00000000a3d00000| Untracked 
|  62|0x00000000a3e00000, 0x00000000a3f00000, 0x00000000a3f00000|100%| O|  |TAMS 0x00000000a3f00000, 0x00000000a3e00000| Untracked 
|  63|0x00000000a3f00000, 0x00000000a4000000, 0x00000000a4000000|100%| O|  |TAMS 0x00000000a4000000, 0x00000000a3f00000| Untracked 
|  64|0x00000000a4000000, 0x00000000a4100000, 0x00000000a4100000|100%| O|  |TAMS 0x00000000a4100000, 0x00000000a4000000| Untracked 
|  65|0x00000000a4100000, 0x00000000a4200000, 0x00000000a4200000|100%| O|  |TAMS 0x00000000a4200000, 0x00000000a4100000| Untracked 
|  66|0x00000000a4200000, 0x00000000a4300000, 0x00000000a4300000|100%| O|  |TAMS 0x00000000a4300000, 0x00000000a4200000| Untracked 
|  67|0x00000000a4300000, 0x00000000a4400000, 0x00000000a4400000|100%| O|  |TAMS 0x00000000a4300000, 0x00000000a4300000| Untracked 
|  68|0x00000000a4400000, 0x00000000a4500000, 0x00000000a4500000|100%| O|  |TAMS 0x00000000a4500000, 0x00000000a4400000| Untracked 
|  69|0x00000000a4500000, 0x00000000a4600000, 0x00000000a4600000|100%| O|  |TAMS 0x00000000a4600000, 0x00000000a4500000| Untracked 
|  70|0x00000000a4600000, 0x00000000a4700000, 0x00000000a4700000|100%| O|  |TAMS 0x00000000a4700000, 0x00000000a4600000| Untracked 
|  71|0x00000000a4700000, 0x00000000a4800000, 0x00000000a4800000|100%| O|  |TAMS 0x00000000a4800000, 0x00000000a4700000| Untracked 
|  72|0x00000000a4800000, 0x00000000a4900000, 0x00000000a4900000|100%| O|  |TAMS 0x00000000a4900000, 0x00000000a4800000| Untracked 
|  73|0x00000000a4900000, 0x00000000a4a00000, 0x00000000a4a00000|100%| O|  |TAMS 0x00000000a4a00000, 0x00000000a4900000| Untracked 
|  74|0x00000000a4a00000, 0x00000000a4b00000, 0x00000000a4b00000|100%| O|  |TAMS 0x00000000a4b00000, 0x00000000a4a00000| Untracked 
|  75|0x00000000a4b00000, 0x00000000a4c00000, 0x00000000a4c00000|100%| O|  |TAMS 0x00000000a4c00000, 0x00000000a4b00000| Untracked 
|  76|0x00000000a4c00000, 0x00000000a4d00000, 0x00000000a4d00000|100%| O|  |TAMS 0x00000000a4d00000, 0x00000000a4c00000| Untracked 
|  77|0x00000000a4d00000, 0x00000000a4e00000, 0x00000000a4e00000|100%| O|  |TAMS 0x00000000a4e00000, 0x00000000a4d00000| Untracked 
|  78|0x00000000a4e00000, 0x00000000a4f00000, 0x00000000a4f00000|100%| O|  |TAMS 0x00000000a4f00000, 0x00000000a4e00000| Untracked 
|  79|0x00000000a4f00000, 0x00000000a5000000, 0x00000000a5000000|100%| O|  |TAMS 0x00000000a5000000, 0x00000000a4f00000| Untracked 
|  80|0x00000000a5000000, 0x00000000a5100000, 0x00000000a5100000|100%| O|  |TAMS 0x00000000a5100000, 0x00000000a5000000| Untracked 
|  81|0x00000000a5100000, 0x00000000a5200000, 0x00000000a5200000|100%| O|  |TAMS 0x00000000a5200000, 0x00000000a5100000| Untracked 
|  82|0x00000000a5200000, 0x00000000a5300000, 0x00000000a5300000|100%| O|  |TAMS 0x00000000a5300000, 0x00000000a5200000| Untracked 
|  83|0x00000000a5300000, 0x00000000a5400000, 0x00000000a5400000|100%| O|  |TAMS 0x00000000a5400000, 0x00000000a5300000| Untracked 
|  84|0x00000000a5400000, 0x00000000a5500000, 0x00000000a5500000|100%| O|  |TAMS 0x00000000a5500000, 0x00000000a5400000| Untracked 
|  85|0x00000000a5500000, 0x00000000a5600000, 0x00000000a5600000|100%| O|  |TAMS 0x00000000a5600000, 0x00000000a5500000| Untracked 
|  86|0x00000000a5600000, 0x00000000a5700000, 0x00000000a5700000|100%| O|  |TAMS 0x00000000a5700000, 0x00000000a5600000| Untracked 
|  87|0x00000000a5700000, 0x00000000a5800000, 0x00000000a5800000|100%| O|  |TAMS 0x00000000a5800000, 0x00000000a5700000| Untracked 
|  88|0x00000000a5800000, 0x00000000a5900000, 0x00000000a5900000|100%| O|  |TAMS 0x00000000a5900000, 0x00000000a5800000| Untracked 
|  89|0x00000000a5900000, 0x00000000a5a00000, 0x00000000a5a00000|100%| O|  |TAMS 0x00000000a5a00000, 0x00000000a5900000| Untracked 
|  90|0x00000000a5a00000, 0x00000000a5b00000, 0x00000000a5b00000|100%| O|  |TAMS 0x00000000a5b00000, 0x00000000a5a00000| Untracked 
|  91|0x00000000a5b00000, 0x00000000a5b00000, 0x00000000a5c00000|  0%| F|  |TAMS 0x00000000a5b00000, 0x00000000a5b00000| Untracked 
|  92|0x00000000a5c00000, 0x00000000a5d00000, 0x00000000a5d00000|100%| O|  |TAMS 0x00000000a5d00000, 0x00000000a5c00000| Untracked 
|  93|0x00000000a5d00000, 0x00000000a5e00000, 0x00000000a5e00000|100%| O|  |TAMS 0x00000000a5e00000, 0x00000000a5d00000| Untracked 
|  94|0x00000000a5e00000, 0x00000000a5f00000, 0x00000000a5f00000|100%| O|  |TAMS 0x00000000a5f00000, 0x00000000a5e00000| Untracked 
|  95|0x00000000a5f00000, 0x00000000a6000000, 0x00000000a6000000|100%| O|  |TAMS 0x00000000a6000000, 0x00000000a5f00000| Untracked 
|  96|0x00000000a6000000, 0x00000000a6100000, 0x00000000a6100000|100%|HS|  |TAMS 0x00000000a6100000, 0x00000000a6000000| Complete 
|  97|0x00000000a6100000, 0x00000000a6200000, 0x00000000a6200000|100%|HC|  |TAMS 0x00000000a6200000, 0x00000000a6100000| Complete 
|  98|0x00000000a6200000, 0x00000000a6300000, 0x00000000a6300000|100%|HS|  |TAMS 0x00000000a6300000, 0x00000000a6200000| Complete 
|  99|0x00000000a6300000, 0x00000000a6400000, 0x00000000a6400000|100%|HC|  |TAMS 0x00000000a6400000, 0x00000000a6300000| Complete 
| 100|0x00000000a6400000, 0x00000000a6500000, 0x00000000a6500000|100%|HC|  |TAMS 0x00000000a6500000, 0x00000000a6400000| Complete 
| 101|0x00000000a6500000, 0x00000000a6600000, 0x00000000a6600000|100%|HS|  |TAMS 0x00000000a6600000, 0x00000000a6500000| Complete 
| 102|0x00000000a6600000, 0x00000000a6700000, 0x00000000a6700000|100%|HC|  |TAMS 0x00000000a6700000, 0x00000000a6600000| Complete 
| 103|0x00000000a6700000, 0x00000000a6800000, 0x00000000a6800000|100%|HS|  |TAMS 0x00000000a6800000, 0x00000000a6700000| Complete 
| 104|0x00000000a6800000, 0x00000000a6900000, 0x00000000a6900000|100%|HC|  |TAMS 0x00000000a6900000, 0x00000000a6800000| Complete 
| 105|0x00000000a6900000, 0x00000000a6a00000, 0x00000000a6a00000|100%|HC|  |TAMS 0x00000000a6a00000, 0x00000000a6900000| Complete 
| 106|0x00000000a6a00000, 0x00000000a6b00000, 0x00000000a6b00000|100%|HC|  |TAMS 0x00000000a6b00000, 0x00000000a6a00000| Complete 
| 107|0x00000000a6b00000, 0x00000000a6c00000, 0x00000000a6c00000|100%|HC|  |TAMS 0x00000000a6c00000, 0x00000000a6b00000| Complete 
| 108|0x00000000a6c00000, 0x00000000a6d00000, 0x00000000a6d00000|100%|HC|  |TAMS 0x00000000a6d00000, 0x00000000a6c00000| Complete 
| 109|0x00000000a6d00000, 0x00000000a6e00000, 0x00000000a6e00000|100%|HC|  |TAMS 0x00000000a6e00000, 0x00000000a6d00000| Complete 
| 110|0x00000000a6e00000, 0x00000000a6f00000, 0x00000000a6f00000|100%|HC|  |TAMS 0x00000000a6f00000, 0x00000000a6e00000| Complete 
| 111|0x00000000a6f00000, 0x00000000a7000000, 0x00000000a7000000|100%|HC|  |TAMS 0x00000000a7000000, 0x00000000a6f00000| Complete 
| 112|0x00000000a7000000, 0x00000000a7100000, 0x00000000a7100000|100%|HC|  |TAMS 0x00000000a7100000, 0x00000000a7000000| Complete 
| 113|0x00000000a7100000, 0x00000000a7200000, 0x00000000a7200000|100%|HC|  |TAMS 0x00000000a7200000, 0x00000000a7100000| Complete 
| 114|0x00000000a7200000, 0x00000000a7300000, 0x00000000a7300000|100%|HC|  |TAMS 0x00000000a7300000, 0x00000000a7200000| Complete 
| 115|0x00000000a7300000, 0x00000000a7400000, 0x00000000a7400000|100%|HS|  |TAMS 0x00000000a7400000, 0x00000000a7300000| Complete 
| 116|0x00000000a7400000, 0x00000000a7500000, 0x00000000a7500000|100%|HC|  |TAMS 0x00000000a7500000, 0x00000000a7400000| Complete 
| 117|0x00000000a7500000, 0x00000000a7500000, 0x00000000a7600000|  0%| F|  |TAMS 0x00000000a7500000, 0x00000000a7500000| Untracked 
| 118|0x00000000a7600000, 0x00000000a7600000, 0x00000000a7700000|  0%| F|  |TAMS 0x00000000a7600000, 0x00000000a7600000| Untracked 
| 119|0x00000000a7700000, 0x00000000a7800000, 0x00000000a7800000|100%| O|  |TAMS 0x00000000a7800000, 0x00000000a7700000| Untracked 
| 120|0x00000000a7800000, 0x00000000a7800000, 0x00000000a7900000|  0%| F|  |TAMS 0x00000000a7800000, 0x00000000a7800000| Untracked 
| 121|0x00000000a7900000, 0x00000000a7a00000, 0x00000000a7a00000|100%| O|  |TAMS 0x00000000a7a00000, 0x00000000a7900000| Untracked 
| 122|0x00000000a7a00000, 0x00000000a7b00000, 0x00000000a7b00000|100%| O|  |TAMS 0x00000000a7b00000, 0x00000000a7a00000| Untracked 
| 123|0x00000000a7b00000, 0x00000000a7c00000, 0x00000000a7c00000|100%| O|  |TAMS 0x00000000a7c00000, 0x00000000a7b00000| Untracked 
| 124|0x00000000a7c00000, 0x00000000a7d00000, 0x00000000a7d00000|100%| O|  |TAMS 0x00000000a7d00000, 0x00000000a7c00000| Untracked 
| 125|0x00000000a7d00000, 0x00000000a7d00000, 0x00000000a7e00000|  0%| F|  |TAMS 0x00000000a7d00000, 0x00000000a7d00000| Untracked 
| 126|0x00000000a7e00000, 0x00000000a7f00000, 0x00000000a7f00000|100%| O|  |TAMS 0x00000000a7e62a00, 0x00000000a7e00000| Untracked 
| 127|0x00000000a7f00000, 0x00000000a8000000, 0x00000000a8000000|100%| O|  |TAMS 0x00000000a8000000, 0x00000000a7f00000| Untracked 
| 128|0x00000000a8000000, 0x00000000a8100000, 0x00000000a8100000|100%| O|  |TAMS 0x00000000a8100000, 0x00000000a8000000| Untracked 
| 129|0x00000000a8100000, 0x00000000a8200000, 0x00000000a8200000|100%| O|  |TAMS 0x00000000a8200000, 0x00000000a8100000| Untracked 
| 130|0x00000000a8200000, 0x00000000a8300000, 0x00000000a8300000|100%| O|  |TAMS 0x00000000a8200000, 0x00000000a8200000| Untracked 
| 131|0x00000000a8300000, 0x00000000a8400000, 0x00000000a8400000|100%|HS|  |TAMS 0x00000000a8300000, 0x00000000a8300000| Complete 
| 132|0x00000000a8400000, 0x00000000a8500000, 0x00000000a8500000|100%|HC|  |TAMS 0x00000000a8400000, 0x00000000a8400000| Complete 
| 133|0x00000000a8500000, 0x00000000a8600000, 0x00000000a8600000|100%| O|  |TAMS 0x00000000a8600000, 0x00000000a8500000| Untracked 
| 134|0x00000000a8600000, 0x00000000a8700000, 0x00000000a8700000|100%| O|  |TAMS 0x00000000a8700000, 0x00000000a8600000| Untracked 
| 135|0x00000000a8700000, 0x00000000a8800000, 0x00000000a8800000|100%| O|  |TAMS 0x00000000a8800000, 0x00000000a8700000| Untracked 
| 136|0x00000000a8800000, 0x00000000a8900000, 0x00000000a8900000|100%| O|  |TAMS 0x00000000a8900000, 0x00000000a8800000| Untracked 
| 137|0x00000000a8900000, 0x00000000a8a00000, 0x00000000a8a00000|100%| O|  |TAMS 0x00000000a8a00000, 0x00000000a8900000| Untracked 
| 138|0x00000000a8a00000, 0x00000000a8b00000, 0x00000000a8b00000|100%| O|  |TAMS 0x00000000a8b00000, 0x00000000a8a00000| Untracked 
| 139|0x00000000a8b00000, 0x00000000a8c00000, 0x00000000a8c00000|100%| O|  |TAMS 0x00000000a8c00000, 0x00000000a8b00000| Untracked 
| 140|0x00000000a8c00000, 0x00000000a8d00000, 0x00000000a8d00000|100%| O|  |TAMS 0x00000000a8d00000, 0x00000000a8c00000| Untracked 
| 141|0x00000000a8d00000, 0x00000000a8e00000, 0x00000000a8e00000|100%| O|  |TAMS 0x00000000a8e00000, 0x00000000a8d00000| Untracked 
| 142|0x00000000a8e00000, 0x00000000a8f00000, 0x00000000a8f00000|100%| O|  |TAMS 0x00000000a8f00000, 0x00000000a8e00000| Untracked 
| 143|0x00000000a8f00000, 0x00000000a9000000, 0x00000000a9000000|100%| O|  |TAMS 0x00000000a9000000, 0x00000000a8f00000| Untracked 
| 144|0x00000000a9000000, 0x00000000a9100000, 0x00000000a9100000|100%| O|  |TAMS 0x00000000a9100000, 0x00000000a9000000| Untracked 
| 145|0x00000000a9100000, 0x00000000a9200000, 0x00000000a9200000|100%| O|  |TAMS 0x00000000a9200000, 0x00000000a9100000| Untracked 
| 146|0x00000000a9200000, 0x00000000a9300000, 0x00000000a9300000|100%| O|  |TAMS 0x00000000a9300000, 0x00000000a9200000| Untracked 
| 147|0x00000000a9300000, 0x00000000a9400000, 0x00000000a9400000|100%| O|  |TAMS 0x00000000a9300000, 0x00000000a9300000| Untracked 
| 148|0x00000000a9400000, 0x00000000a9500000, 0x00000000a9500000|100%| O|  |TAMS 0x00000000a9500000, 0x00000000a9400000| Untracked 
| 149|0x00000000a9500000, 0x00000000a9600000, 0x00000000a9600000|100%| O|  |TAMS 0x00000000a9600000, 0x00000000a9500000| Untracked 
| 150|0x00000000a9600000, 0x00000000a9600000, 0x00000000a9700000|  0%| F|  |TAMS 0x00000000a9600000, 0x00000000a9600000| Untracked 
| 151|0x00000000a9700000, 0x00000000a9800000, 0x00000000a9800000|100%| O|  |TAMS 0x00000000a9800000, 0x00000000a9700000| Untracked 
| 152|0x00000000a9800000, 0x00000000a9900000, 0x00000000a9900000|100%| O|  |TAMS 0x00000000a9900000, 0x00000000a9800000| Untracked 
| 153|0x00000000a9900000, 0x00000000a9a00000, 0x00000000a9a00000|100%| O|  |TAMS 0x00000000a9a00000, 0x00000000a9900000| Untracked 
| 154|0x00000000a9a00000, 0x00000000a9b00000, 0x00000000a9b00000|100%| O|  |TAMS 0x00000000a9b00000, 0x00000000a9a00000| Untracked 
| 155|0x00000000a9b00000, 0x00000000a9b00000, 0x00000000a9c00000|  0%| F|  |TAMS 0x00000000a9b00000, 0x00000000a9b00000| Untracked 
| 156|0x00000000a9c00000, 0x00000000a9d00000, 0x00000000a9d00000|100%| O|  |TAMS 0x00000000a9c00000, 0x00000000a9c00000| Untracked 
| 157|0x00000000a9d00000, 0x00000000a9e00000, 0x00000000a9e00000|100%| O|  |TAMS 0x00000000a9d00000, 0x00000000a9d00000| Untracked 
| 158|0x00000000a9e00000, 0x00000000a9e00000, 0x00000000a9f00000|  0%| F|  |TAMS 0x00000000a9e00000, 0x00000000a9e00000| Untracked 
| 159|0x00000000a9f00000, 0x00000000aa000000, 0x00000000aa000000|100%| O|  |TAMS 0x00000000a9f00000, 0x00000000a9f00000| Untracked 
| 160|0x00000000aa000000, 0x00000000aa100000, 0x00000000aa100000|100%| O|  |TAMS 0x00000000aa100000, 0x00000000aa000000| Untracked 
| 161|0x00000000aa100000, 0x00000000aa200000, 0x00000000aa200000|100%| O|  |TAMS 0x00000000aa200000, 0x00000000aa100000| Untracked 
| 162|0x00000000aa200000, 0x00000000aa300000, 0x00000000aa300000|100%| O|  |TAMS 0x00000000aa200000, 0x00000000aa200000| Untracked 
| 163|0x00000000aa300000, 0x00000000aa400000, 0x00000000aa400000|100%| O|  |TAMS 0x00000000aa300000, 0x00000000aa300000| Untracked 
| 164|0x00000000aa400000, 0x00000000aa500000, 0x00000000aa500000|100%| O|  |TAMS 0x00000000aa500000, 0x00000000aa400000| Untracked 
| 165|0x00000000aa500000, 0x00000000aa600000, 0x00000000aa600000|100%| O|  |TAMS 0x00000000aa500000, 0x00000000aa500000| Untracked 
| 166|0x00000000aa600000, 0x00000000aa700000, 0x00000000aa700000|100%| O|  |TAMS 0x00000000aa700000, 0x00000000aa600000| Untracked 
| 167|0x00000000aa700000, 0x00000000aa700000, 0x00000000aa800000|  0%| F|  |TAMS 0x00000000aa700000, 0x00000000aa700000| Untracked 
| 168|0x00000000aa800000, 0x00000000aa900000, 0x00000000aa900000|100%| O|  |TAMS 0x00000000aa900000, 0x00000000aa800000| Untracked 
| 169|0x00000000aa900000, 0x00000000aa900000, 0x00000000aaa00000|  0%| F|  |TAMS 0x00000000aa900000, 0x00000000aa900000| Untracked 
| 170|0x00000000aaa00000, 0x00000000aab00000, 0x00000000aab00000|100%| O|  |TAMS 0x00000000aab00000, 0x00000000aaa00000| Untracked 
| 171|0x00000000aab00000, 0x00000000aac00000, 0x00000000aac00000|100%| O|  |TAMS 0x00000000aac00000, 0x00000000aab00000| Untracked 
| 172|0x00000000aac00000, 0x00000000aad00000, 0x00000000aad00000|100%| O|  |TAMS 0x00000000aad00000, 0x00000000aac00000| Untracked 
| 173|0x00000000aad00000, 0x00000000aae00000, 0x00000000aae00000|100%| O|  |TAMS 0x00000000aae00000, 0x00000000aad00000| Untracked 
| 174|0x00000000aae00000, 0x00000000aaf00000, 0x00000000aaf00000|100%| O|  |TAMS 0x00000000aaf00000, 0x00000000aae00000| Untracked 
| 175|0x00000000aaf00000, 0x00000000ab000000, 0x00000000ab000000|100%| O|  |TAMS 0x00000000ab000000, 0x00000000aaf00000| Untracked 
| 176|0x00000000ab000000, 0x00000000ab100000, 0x00000000ab100000|100%| O|  |TAMS 0x00000000ab100000, 0x00000000ab000000| Untracked 
| 177|0x00000000ab100000, 0x00000000ab200000, 0x00000000ab200000|100%| O|  |TAMS 0x00000000ab200000, 0x00000000ab100000| Untracked 
| 178|0x00000000ab200000, 0x00000000ab300000, 0x00000000ab300000|100%| O|  |TAMS 0x00000000ab200000, 0x00000000ab200000| Untracked 
| 179|0x00000000ab300000, 0x00000000ab400000, 0x00000000ab400000|100%| O|  |TAMS 0x00000000ab300000, 0x00000000ab300000| Untracked 
| 180|0x00000000ab400000, 0x00000000ab500000, 0x00000000ab500000|100%| O|  |TAMS 0x00000000ab500000, 0x00000000ab400000| Untracked 
| 181|0x00000000ab500000, 0x00000000ab600000, 0x00000000ab600000|100%| O|  |TAMS 0x00000000ab600000, 0x00000000ab500000| Untracked 
| 182|0x00000000ab600000, 0x00000000ab600000, 0x00000000ab700000|  0%| F|  |TAMS 0x00000000ab600000, 0x00000000ab600000| Untracked 
| 183|0x00000000ab700000, 0x00000000ab700000, 0x00000000ab800000|  0%| F|  |TAMS 0x00000000ab700000, 0x00000000ab700000| Untracked 
| 184|0x00000000ab800000, 0x00000000ab900000, 0x00000000ab900000|100%| O|  |TAMS 0x00000000ab900000, 0x00000000ab800000| Untracked 
| 185|0x00000000ab900000, 0x00000000aba00000, 0x00000000aba00000|100%| O|  |TAMS 0x00000000aba00000, 0x00000000ab900000| Untracked 
| 186|0x00000000aba00000, 0x00000000aba00000, 0x00000000abb00000|  0%| F|  |TAMS 0x00000000aba00000, 0x00000000aba00000| Untracked 
| 187|0x00000000abb00000, 0x00000000abc00000, 0x00000000abc00000|100%| O|  |TAMS 0x00000000abc00000, 0x00000000abb00000| Untracked 
| 188|0x00000000abc00000, 0x00000000abd00000, 0x00000000abd00000|100%| O|  |TAMS 0x00000000abc00000, 0x00000000abc00000| Untracked 
| 189|0x00000000abd00000, 0x00000000abe00000, 0x00000000abe00000|100%| O|  |TAMS 0x00000000abd00000, 0x00000000abd00000| Untracked 
| 190|0x00000000abe00000, 0x00000000abf00000, 0x00000000abf00000|100%| O|  |TAMS 0x00000000abe00000, 0x00000000abe00000| Untracked 
| 191|0x00000000abf00000, 0x00000000ac000000, 0x00000000ac000000|100%| O|  |TAMS 0x00000000abf00000, 0x00000000abf00000| Untracked 
| 192|0x00000000ac000000, 0x00000000ac100000, 0x00000000ac100000|100%| O|  |TAMS 0x00000000ac000000, 0x00000000ac000000| Untracked 
| 193|0x00000000ac100000, 0x00000000ac200000, 0x00000000ac200000|100%| O|  |TAMS 0x00000000ac100000, 0x00000000ac100000| Untracked 
| 194|0x00000000ac200000, 0x00000000ac300000, 0x00000000ac300000|100%| O|  |TAMS 0x00000000ac200000, 0x00000000ac200000| Untracked 
| 195|0x00000000ac300000, 0x00000000ac300000, 0x00000000ac400000|  0%| F|  |TAMS 0x00000000ac300000, 0x00000000ac300000| Untracked 
| 196|0x00000000ac400000, 0x00000000ac500000, 0x00000000ac500000|100%| O|  |TAMS 0x00000000ac500000, 0x00000000ac400000| Untracked 
| 197|0x00000000ac500000, 0x00000000ac600000, 0x00000000ac600000|100%| O|  |TAMS 0x00000000ac500000, 0x00000000ac500000| Untracked 
| 198|0x00000000ac600000, 0x00000000ac700000, 0x00000000ac700000|100%| O|  |TAMS 0x00000000ac700000, 0x00000000ac600000| Untracked 
| 199|0x00000000ac700000, 0x00000000ac800000, 0x00000000ac800000|100%| O|  |TAMS 0x00000000ac700000, 0x00000000ac700000| Untracked 
| 200|0x00000000ac800000, 0x00000000ac900000, 0x00000000ac900000|100%| O|  |TAMS 0x00000000ac800000, 0x00000000ac800000| Untracked 
| 201|0x00000000ac900000, 0x00000000aca00000, 0x00000000aca00000|100%| O|  |TAMS 0x00000000aca00000, 0x00000000ac900000| Untracked 
| 202|0x00000000aca00000, 0x00000000acb00000, 0x00000000acb00000|100%| O|  |TAMS 0x00000000aca00000, 0x00000000aca00000| Untracked 
| 203|0x00000000acb00000, 0x00000000acc00000, 0x00000000acc00000|100%| O|  |TAMS 0x00000000acb00000, 0x00000000acb00000| Untracked 
| 204|0x00000000acc00000, 0x00000000acd00000, 0x00000000acd00000|100%| O|  |TAMS 0x00000000acc00000, 0x00000000acc00000| Untracked 
| 205|0x00000000acd00000, 0x00000000acd00000, 0x00000000ace00000|  0%| F|  |TAMS 0x00000000acd00000, 0x00000000acd00000| Untracked 
| 206|0x00000000ace00000, 0x00000000acf00000, 0x00000000acf00000|100%| O|  |TAMS 0x00000000acf00000, 0x00000000ace00000| Untracked 
| 207|0x00000000acf00000, 0x00000000ad000000, 0x00000000ad000000|100%| O|  |TAMS 0x00000000acf00000, 0x00000000acf00000| Untracked 
| 208|0x00000000ad000000, 0x00000000ad100000, 0x00000000ad100000|100%| O|  |TAMS 0x00000000ad000000, 0x00000000ad000000| Untracked 
| 209|0x00000000ad100000, 0x00000000ad200000, 0x00000000ad200000|100%| O|  |TAMS 0x00000000ad100000, 0x00000000ad100000| Untracked 
| 210|0x00000000ad200000, 0x00000000ad300000, 0x00000000ad300000|100%| O|  |TAMS 0x00000000ad200000, 0x00000000ad200000| Untracked 
| 211|0x00000000ad300000, 0x00000000ad400000, 0x00000000ad400000|100%| O|  |TAMS 0x00000000ad300000, 0x00000000ad300000| Untracked 
| 212|0x00000000ad400000, 0x00000000ad500000, 0x00000000ad500000|100%| O|  |TAMS 0x00000000ad500000, 0x00000000ad400000| Untracked 
| 213|0x00000000ad500000, 0x00000000ad600000, 0x00000000ad600000|100%| O|  |TAMS 0x00000000ad600000, 0x00000000ad500000| Untracked 
| 214|0x00000000ad600000, 0x00000000ad700000, 0x00000000ad700000|100%| O|  |TAMS 0x00000000ad700000, 0x00000000ad600000| Untracked 
| 215|0x00000000ad700000, 0x00000000ad800000, 0x00000000ad800000|100%| O|  |TAMS 0x00000000ad700000, 0x00000000ad700000| Untracked 
| 216|0x00000000ad800000, 0x00000000ad900000, 0x00000000ad900000|100%| O|  |TAMS 0x00000000ad900000, 0x00000000ad800000| Untracked 
| 217|0x00000000ad900000, 0x00000000ada00000, 0x00000000ada00000|100%| O|  |TAMS 0x00000000ad900000, 0x00000000ad900000| Untracked 
| 218|0x00000000ada00000, 0x00000000adb00000, 0x00000000adb00000|100%| O|  |TAMS 0x00000000ada00000, 0x00000000ada00000| Untracked 
| 219|0x00000000adb00000, 0x00000000adc00000, 0x00000000adc00000|100%| O|  |TAMS 0x00000000adb00000, 0x00000000adb00000| Untracked 
| 220|0x00000000adc00000, 0x00000000add00000, 0x00000000add00000|100%| O|  |TAMS 0x00000000adc00000, 0x00000000adc00000| Untracked 
| 221|0x00000000add00000, 0x00000000ade00000, 0x00000000ade00000|100%| O|  |TAMS 0x00000000add00000, 0x00000000add00000| Untracked 
| 222|0x00000000ade00000, 0x00000000adf00000, 0x00000000adf00000|100%| O|  |TAMS 0x00000000ade00000, 0x00000000ade00000| Untracked 
| 223|0x00000000adf00000, 0x00000000ae000000, 0x00000000ae000000|100%| O|  |TAMS 0x00000000ae000000, 0x00000000adf00000| Untracked 
| 224|0x00000000ae000000, 0x00000000ae100000, 0x00000000ae100000|100%| O|  |TAMS 0x00000000ae100000, 0x00000000ae000000| Untracked 
| 225|0x00000000ae100000, 0x00000000ae200000, 0x00000000ae200000|100%| O|  |TAMS 0x00000000ae100000, 0x00000000ae100000| Untracked 
| 226|0x00000000ae200000, 0x00000000ae200000, 0x00000000ae300000|  0%| F|  |TAMS 0x00000000ae200000, 0x00000000ae200000| Untracked 
| 227|0x00000000ae300000, 0x00000000ae400000, 0x00000000ae400000|100%| O|  |TAMS 0x00000000ae300000, 0x00000000ae300000| Untracked 
| 228|0x00000000ae400000, 0x00000000ae500000, 0x00000000ae500000|100%| O|  |TAMS 0x00000000ae400000, 0x00000000ae400000| Untracked 
| 229|0x00000000ae500000, 0x00000000ae600000, 0x00000000ae600000|100%| O|  |TAMS 0x00000000ae500000, 0x00000000ae500000| Untracked 
| 230|0x00000000ae600000, 0x00000000ae700000, 0x00000000ae700000|100%| O|  |TAMS 0x00000000ae700000, 0x00000000ae600000| Untracked 
| 231|0x00000000ae700000, 0x00000000ae800000, 0x00000000ae800000|100%| O|  |TAMS 0x00000000ae700000, 0x00000000ae700000| Untracked 
| 232|0x00000000ae800000, 0x00000000ae900000, 0x00000000ae900000|100%| O|  |TAMS 0x00000000ae800000, 0x00000000ae800000| Untracked 
| 233|0x00000000ae900000, 0x00000000aea00000, 0x00000000aea00000|100%| O|  |TAMS 0x00000000ae900000, 0x00000000ae900000| Untracked 
| 234|0x00000000aea00000, 0x00000000aeb00000, 0x00000000aeb00000|100%| O|  |TAMS 0x00000000aea00000, 0x00000000aea00000| Untracked 
| 235|0x00000000aeb00000, 0x00000000aec00000, 0x00000000aec00000|100%| O|  |TAMS 0x00000000aeb00000, 0x00000000aeb00000| Untracked 
| 236|0x00000000aec00000, 0x00000000aed00000, 0x00000000aed00000|100%| O|  |TAMS 0x00000000aec00000, 0x00000000aec00000| Untracked 
| 237|0x00000000aed00000, 0x00000000aee00000, 0x00000000aee00000|100%| O|  |TAMS 0x00000000aed00000, 0x00000000aed00000| Untracked 
| 238|0x00000000aee00000, 0x00000000aef00000, 0x00000000aef00000|100%| O|  |TAMS 0x00000000aee00000, 0x00000000aee00000| Untracked 
| 239|0x00000000aef00000, 0x00000000af000000, 0x00000000af000000|100%| O|  |TAMS 0x00000000aef00000, 0x00000000aef00000| Untracked 
| 240|0x00000000af000000, 0x00000000af100000, 0x00000000af100000|100%| O|  |TAMS 0x00000000af000000, 0x00000000af000000| Untracked 
| 241|0x00000000af100000, 0x00000000af200000, 0x00000000af200000|100%| O|  |TAMS 0x00000000af100000, 0x00000000af100000| Untracked 
| 242|0x00000000af200000, 0x00000000af300000, 0x00000000af300000|100%| O|  |TAMS 0x00000000af200000, 0x00000000af200000| Untracked 
| 243|0x00000000af300000, 0x00000000af400000, 0x00000000af400000|100%| O|  |TAMS 0x00000000af300000, 0x00000000af300000| Untracked 
| 244|0x00000000af400000, 0x00000000af500000, 0x00000000af500000|100%| O|  |TAMS 0x00000000af400000, 0x00000000af400000| Untracked 
| 245|0x00000000af500000, 0x00000000af600000, 0x00000000af600000|100%| O|  |TAMS 0x00000000af500000, 0x00000000af500000| Untracked 
| 246|0x00000000af600000, 0x00000000af700000, 0x00000000af700000|100%| O|  |TAMS 0x00000000af600000, 0x00000000af600000| Untracked 
| 247|0x00000000af700000, 0x00000000af800000, 0x00000000af800000|100%| O|  |TAMS 0x00000000af700000, 0x00000000af700000| Untracked 
| 248|0x00000000af800000, 0x00000000af800000, 0x00000000af900000|  0%| F|  |TAMS 0x00000000af800000, 0x00000000af800000| Untracked 
| 249|0x00000000af900000, 0x00000000afa00000, 0x00000000afa00000|100%| O|  |TAMS 0x00000000af900000, 0x00000000af900000| Untracked 
| 250|0x00000000afa00000, 0x00000000afa00000, 0x00000000afb00000|  0%| F|  |TAMS 0x00000000afa00000, 0x00000000afa00000| Untracked 
| 251|0x00000000afb00000, 0x00000000afc00000, 0x00000000afc00000|100%| O|  |TAMS 0x00000000afb00000, 0x00000000afb00000| Untracked 
| 252|0x00000000afc00000, 0x00000000afd00000, 0x00000000afd00000|100%| O|  |TAMS 0x00000000afd00000, 0x00000000afc00000| Untracked 
| 253|0x00000000afd00000, 0x00000000afe00000, 0x00000000afe00000|100%| O|  |TAMS 0x00000000afd00000, 0x00000000afd00000| Untracked 
| 254|0x00000000afe00000, 0x00000000aff00000, 0x00000000aff00000|100%| O|  |TAMS 0x00000000afe00000, 0x00000000afe00000| Untracked 
| 255|0x00000000aff00000, 0x00000000aff00000, 0x00000000b0000000|  0%| F|  |TAMS 0x00000000aff00000, 0x00000000aff00000| Untracked 
| 256|0x00000000b0000000, 0x00000000b0100000, 0x00000000b0100000|100%| O|  |TAMS 0x00000000b0000000, 0x00000000b0000000| Untracked 
| 257|0x00000000b0100000, 0x00000000b0200000, 0x00000000b0200000|100%| O|  |TAMS 0x00000000b0200000, 0x00000000b0100000| Untracked 
| 258|0x00000000b0200000, 0x00000000b0300000, 0x00000000b0300000|100%| O|  |TAMS 0x00000000b0300000, 0x00000000b0200000| Untracked 
| 259|0x00000000b0300000, 0x00000000b0400000, 0x00000000b0400000|100%| O|  |TAMS 0x00000000b0400000, 0x00000000b0300000| Untracked 
| 260|0x00000000b0400000, 0x00000000b0400000, 0x00000000b0500000|  0%| F|  |TAMS 0x00000000b0400000, 0x00000000b0400000| Untracked 
| 261|0x00000000b0500000, 0x00000000b0600000, 0x00000000b0600000|100%| O|  |TAMS 0x00000000b0600000, 0x00000000b0500000| Untracked 
| 262|0x00000000b0600000, 0x00000000b0700000, 0x00000000b0700000|100%| O|  |TAMS 0x00000000b0600000, 0x00000000b0600000| Untracked 
| 263|0x00000000b0700000, 0x00000000b0800000, 0x00000000b0800000|100%| O|  |TAMS 0x00000000b0700000, 0x00000000b0700000| Untracked 
| 264|0x00000000b0800000, 0x00000000b0900000, 0x00000000b0900000|100%| O|  |TAMS 0x00000000b0900000, 0x00000000b0800000| Untracked 
| 265|0x00000000b0900000, 0x00000000b0a00000, 0x00000000b0a00000|100%| O|  |TAMS 0x00000000b0a00000, 0x00000000b0900000| Untracked 
| 266|0x00000000b0a00000, 0x00000000b0b00000, 0x00000000b0b00000|100%| O|  |TAMS 0x00000000b0b00000, 0x00000000b0a00000| Untracked 
| 267|0x00000000b0b00000, 0x00000000b0b00000, 0x00000000b0c00000|  0%| F|  |TAMS 0x00000000b0b00000, 0x00000000b0b00000| Untracked 
| 268|0x00000000b0c00000, 0x00000000b0d00000, 0x00000000b0d00000|100%| O|  |TAMS 0x00000000b0d00000, 0x00000000b0c00000| Untracked 
| 269|0x00000000b0d00000, 0x00000000b0e00000, 0x00000000b0e00000|100%| O|  |TAMS 0x00000000b0e00000, 0x00000000b0d00000| Untracked 
| 270|0x00000000b0e00000, 0x00000000b0f00000, 0x00000000b0f00000|100%| O|  |TAMS 0x00000000b0f00000, 0x00000000b0e00000| Untracked 
| 271|0x00000000b0f00000, 0x00000000b1000000, 0x00000000b1000000|100%| O|  |TAMS 0x00000000b1000000, 0x00000000b0f00000| Untracked 
| 272|0x00000000b1000000, 0x00000000b1100000, 0x00000000b1100000|100%| O|  |TAMS 0x00000000b1000000, 0x00000000b1000000| Untracked 
| 273|0x00000000b1100000, 0x00000000b1200000, 0x00000000b1200000|100%| O|  |TAMS 0x00000000b1100000, 0x00000000b1100000| Untracked 
| 274|0x00000000b1200000, 0x00000000b1300000, 0x00000000b1300000|100%| O|  |TAMS 0x00000000b1200000, 0x00000000b1200000| Untracked 
| 275|0x00000000b1300000, 0x00000000b1400000, 0x00000000b1400000|100%| O|  |TAMS 0x00000000b1300000, 0x00000000b1300000| Untracked 
| 276|0x00000000b1400000, 0x00000000b1500000, 0x00000000b1500000|100%| O|  |TAMS 0x00000000b1400000, 0x00000000b1400000| Untracked 
| 277|0x00000000b1500000, 0x00000000b1600000, 0x00000000b1600000|100%| O|  |TAMS 0x00000000b1500000, 0x00000000b1500000| Untracked 
| 278|0x00000000b1600000, 0x00000000b1700000, 0x00000000b1700000|100%| O|  |TAMS 0x00000000b1600000, 0x00000000b1600000| Untracked 
| 279|0x00000000b1700000, 0x00000000b1700000, 0x00000000b1800000|  0%| F|  |TAMS 0x00000000b1700000, 0x00000000b1700000| Untracked 
| 280|0x00000000b1800000, 0x00000000b1900000, 0x00000000b1900000|100%| O|  |TAMS 0x00000000b1800000, 0x00000000b1800000| Untracked 
| 281|0x00000000b1900000, 0x00000000b1a00000, 0x00000000b1a00000|100%| O|  |TAMS 0x00000000b1900000, 0x00000000b1900000| Untracked 
| 282|0x00000000b1a00000, 0x00000000b1a00000, 0x00000000b1b00000|  0%| F|  |TAMS 0x00000000b1a00000, 0x00000000b1a00000| Untracked 
| 283|0x00000000b1b00000, 0x00000000b1c00000, 0x00000000b1c00000|100%| O|  |TAMS 0x00000000b1b00000, 0x00000000b1b00000| Untracked 
| 284|0x00000000b1c00000, 0x00000000b1d00000, 0x00000000b1d00000|100%| O|  |TAMS 0x00000000b1c00000, 0x00000000b1c00000| Untracked 
| 285|0x00000000b1d00000, 0x00000000b1e00000, 0x00000000b1e00000|100%| O|  |TAMS 0x00000000b1d00000, 0x00000000b1d00000| Untracked 
| 286|0x00000000b1e00000, 0x00000000b1f00000, 0x00000000b1f00000|100%| O|  |TAMS 0x00000000b1f00000, 0x00000000b1e00000| Untracked 
| 287|0x00000000b1f00000, 0x00000000b2000000, 0x00000000b2000000|100%| O|  |TAMS 0x00000000b1f00000, 0x00000000b1f00000| Untracked 
| 288|0x00000000b2000000, 0x00000000b2100000, 0x00000000b2100000|100%| O|  |TAMS 0x00000000b2100000, 0x00000000b2000000| Untracked 
| 289|0x00000000b2100000, 0x00000000b2200000, 0x00000000b2200000|100%| O|  |TAMS 0x00000000b2100000, 0x00000000b2100000| Untracked 
| 290|0x00000000b2200000, 0x00000000b2200000, 0x00000000b2300000|  0%| F|  |TAMS 0x00000000b2200000, 0x00000000b2200000| Untracked 
| 291|0x00000000b2300000, 0x00000000b2400000, 0x00000000b2400000|100%| O|  |TAMS 0x00000000b2300000, 0x00000000b2300000| Untracked 
| 292|0x00000000b2400000, 0x00000000b2500000, 0x00000000b2500000|100%| O|  |TAMS 0x00000000b2400000, 0x00000000b2400000| Untracked 
| 293|0x00000000b2500000, 0x00000000b2500000, 0x00000000b2600000|  0%| F|  |TAMS 0x00000000b2500000, 0x00000000b2500000| Untracked 
| 294|0x00000000b2600000, 0x00000000b2700000, 0x00000000b2700000|100%| O|  |TAMS 0x00000000b2600000, 0x00000000b2600000| Untracked 
| 295|0x00000000b2700000, 0x00000000b2800000, 0x00000000b2800000|100%| O|  |TAMS 0x00000000b2700000, 0x00000000b2700000| Untracked 
| 296|0x00000000b2800000, 0x00000000b2900000, 0x00000000b2900000|100%| O|  |TAMS 0x00000000b2800000, 0x00000000b2800000| Untracked 
| 297|0x00000000b2900000, 0x00000000b2a00000, 0x00000000b2a00000|100%| O|  |TAMS 0x00000000b2900000, 0x00000000b2900000| Untracked 
| 298|0x00000000b2a00000, 0x00000000b2b00000, 0x00000000b2b00000|100%| O|  |TAMS 0x00000000b2a00000, 0x00000000b2a00000| Untracked 
| 299|0x00000000b2b00000, 0x00000000b2c00000, 0x00000000b2c00000|100%| O|  |TAMS 0x00000000b2b00000, 0x00000000b2b00000| Untracked 
| 300|0x00000000b2c00000, 0x00000000b2c00000, 0x00000000b2d00000|  0%| F|  |TAMS 0x00000000b2c00000, 0x00000000b2c00000| Untracked 
| 301|0x00000000b2d00000, 0x00000000b2d00000, 0x00000000b2e00000|  0%| F|  |TAMS 0x00000000b2d00000, 0x00000000b2d00000| Untracked 
| 302|0x00000000b2e00000, 0x00000000b2f00000, 0x00000000b2f00000|100%| O|  |TAMS 0x00000000b2f00000, 0x00000000b2e00000| Untracked 
| 303|0x00000000b2f00000, 0x00000000b3000000, 0x00000000b3000000|100%| O|  |TAMS 0x00000000b2f00000, 0x00000000b2f00000| Untracked 
| 304|0x00000000b3000000, 0x00000000b3000000, 0x00000000b3100000|  0%| F|  |TAMS 0x00000000b3000000, 0x00000000b3000000| Untracked 
| 305|0x00000000b3100000, 0x00000000b3200000, 0x00000000b3200000|100%| O|  |TAMS 0x00000000b3200000, 0x00000000b3100000| Untracked 
| 306|0x00000000b3200000, 0x00000000b3300000, 0x00000000b3300000|100%| O|  |TAMS 0x00000000b3300000, 0x00000000b3200000| Untracked 
| 307|0x00000000b3300000, 0x00000000b3300000, 0x00000000b3400000|  0%| F|  |TAMS 0x00000000b3300000, 0x00000000b3300000| Untracked 
| 308|0x00000000b3400000, 0x00000000b3500000, 0x00000000b3500000|100%| O|  |TAMS 0x00000000b3400000, 0x00000000b3400000| Untracked 
| 309|0x00000000b3500000, 0x00000000b3500000, 0x00000000b3600000|  0%| F|  |TAMS 0x00000000b3500000, 0x00000000b3500000| Untracked 
| 310|0x00000000b3600000, 0x00000000b3700000, 0x00000000b3700000|100%| O|  |TAMS 0x00000000b3700000, 0x00000000b3600000| Untracked 
| 311|0x00000000b3700000, 0x00000000b3700000, 0x00000000b3800000|  0%| F|  |TAMS 0x00000000b3700000, 0x00000000b3700000| Untracked 
| 312|0x00000000b3800000, 0x00000000b3900000, 0x00000000b3900000|100%| O|  |TAMS 0x00000000b3800000, 0x00000000b3800000| Untracked 
| 313|0x00000000b3900000, 0x00000000b3900000, 0x00000000b3a00000|  0%| F|  |TAMS 0x00000000b3900000, 0x00000000b3900000| Untracked 
| 314|0x00000000b3a00000, 0x00000000b3b00000, 0x00000000b3b00000|100%| O|  |TAMS 0x00000000b3a00000, 0x00000000b3a00000| Untracked 
| 315|0x00000000b3b00000, 0x00000000b3c00000, 0x00000000b3c00000|100%| O|  |TAMS 0x00000000b3b00000, 0x00000000b3b00000| Untracked 
| 316|0x00000000b3c00000, 0x00000000b3d00000, 0x00000000b3d00000|100%| O|  |TAMS 0x00000000b3d00000, 0x00000000b3c00000| Untracked 
| 317|0x00000000b3d00000, 0x00000000b3e00000, 0x00000000b3e00000|100%| O|  |TAMS 0x00000000b3d00000, 0x00000000b3d00000| Untracked 
| 318|0x00000000b3e00000, 0x00000000b3f00000, 0x00000000b3f00000|100%| O|  |TAMS 0x00000000b3f00000, 0x00000000b3e00000| Untracked 
| 319|0x00000000b3f00000, 0x00000000b4000000, 0x00000000b4000000|100%| O|  |TAMS 0x00000000b4000000, 0x00000000b3f00000| Untracked 
| 320|0x00000000b4000000, 0x00000000b4100000, 0x00000000b4100000|100%| O|  |TAMS 0x00000000b4100000, 0x00000000b4000000| Untracked 
| 321|0x00000000b4100000, 0x00000000b4200000, 0x00000000b4200000|100%| O|  |TAMS 0x00000000b4200000, 0x00000000b4100000| Untracked 
| 322|0x00000000b4200000, 0x00000000b4300000, 0x00000000b4300000|100%| O|  |TAMS 0x00000000b4200000, 0x00000000b4200000| Untracked 
| 323|0x00000000b4300000, 0x00000000b4400000, 0x00000000b4400000|100%| O|  |TAMS 0x00000000b4400000, 0x00000000b4300000| Untracked 
| 324|0x00000000b4400000, 0x00000000b4500000, 0x00000000b4500000|100%| O|  |TAMS 0x00000000b4500000, 0x00000000b4400000| Untracked 
| 325|0x00000000b4500000, 0x00000000b4600000, 0x00000000b4600000|100%| O|  |TAMS 0x00000000b4500000, 0x00000000b4500000| Untracked 
| 326|0x00000000b4600000, 0x00000000b4700000, 0x00000000b4700000|100%| O|  |TAMS 0x00000000b4600000, 0x00000000b4600000| Untracked 
| 327|0x00000000b4700000, 0x00000000b4800000, 0x00000000b4800000|100%| O|  |TAMS 0x00000000b4700000, 0x00000000b4700000| Untracked 
| 328|0x00000000b4800000, 0x00000000b4900000, 0x00000000b4900000|100%| O|  |TAMS 0x00000000b4800000, 0x00000000b4800000| Untracked 
| 329|0x00000000b4900000, 0x00000000b4a00000, 0x00000000b4a00000|100%| O|  |TAMS 0x00000000b4900000, 0x00000000b4900000| Untracked 
| 330|0x00000000b4a00000, 0x00000000b4b00000, 0x00000000b4b00000|100%| O|  |TAMS 0x00000000b4a00000, 0x00000000b4a00000| Untracked 
| 331|0x00000000b4b00000, 0x00000000b4c00000, 0x00000000b4c00000|100%| O|  |TAMS 0x00000000b4c00000, 0x00000000b4b00000| Untracked 
| 332|0x00000000b4c00000, 0x00000000b4d00000, 0x00000000b4d00000|100%| O|  |TAMS 0x00000000b4c00000, 0x00000000b4c00000| Untracked 
| 333|0x00000000b4d00000, 0x00000000b4e00000, 0x00000000b4e00000|100%| O|  |TAMS 0x00000000b4d00000, 0x00000000b4d00000| Untracked 
| 334|0x00000000b4e00000, 0x00000000b4f00000, 0x00000000b4f00000|100%| O|  |TAMS 0x00000000b4e00000, 0x00000000b4e00000| Untracked 
| 335|0x00000000b4f00000, 0x00000000b4f00000, 0x00000000b5000000|  0%| F|  |TAMS 0x00000000b4f00000, 0x00000000b4f00000| Untracked 
| 336|0x00000000b5000000, 0x00000000b5000000, 0x00000000b5100000|  0%| F|  |TAMS 0x00000000b5000000, 0x00000000b5000000| Untracked 
| 337|0x00000000b5100000, 0x00000000b5100000, 0x00000000b5200000|  0%| F|  |TAMS 0x00000000b5100000, 0x00000000b5100000| Untracked 
| 338|0x00000000b5200000, 0x00000000b5200000, 0x00000000b5300000|  0%| F|  |TAMS 0x00000000b5200000, 0x00000000b5200000| Untracked 
| 339|0x00000000b5300000, 0x00000000b5300000, 0x00000000b5400000|  0%| F|  |TAMS 0x00000000b5300000, 0x00000000b5300000| Untracked 
| 340|0x00000000b5400000, 0x00000000b5400000, 0x00000000b5500000|  0%| F|  |TAMS 0x00000000b5400000, 0x00000000b5400000| Untracked 
| 341|0x00000000b5500000, 0x00000000b5500000, 0x00000000b5600000|  0%| F|  |TAMS 0x00000000b5500000, 0x00000000b5500000| Untracked 
| 342|0x00000000b5600000, 0x00000000b5600000, 0x00000000b5700000|  0%| F|  |TAMS 0x00000000b5600000, 0x00000000b5600000| Untracked 
| 343|0x00000000b5700000, 0x00000000b5700000, 0x00000000b5800000|  0%| F|  |TAMS 0x00000000b5700000, 0x00000000b5700000| Untracked 
| 344|0x00000000b5800000, 0x00000000b5800000, 0x00000000b5900000|  0%| F|  |TAMS 0x00000000b5800000, 0x00000000b5800000| Untracked 
| 345|0x00000000b5900000, 0x00000000b5900000, 0x00000000b5a00000|  0%| F|  |TAMS 0x00000000b5900000, 0x00000000b5900000| Untracked 
| 346|0x00000000b5a00000, 0x00000000b5a00000, 0x00000000b5b00000|  0%| F|  |TAMS 0x00000000b5a00000, 0x00000000b5a00000| Untracked 
| 347|0x00000000b5b00000, 0x00000000b5b00000, 0x00000000b5c00000|  0%| F|  |TAMS 0x00000000b5b00000, 0x00000000b5b00000| Untracked 
| 348|0x00000000b5c00000, 0x00000000b5d00000, 0x00000000b5d00000|100%| O|  |TAMS 0x00000000b5d00000, 0x00000000b5c00000| Untracked 
| 349|0x00000000b5d00000, 0x00000000b5d00000, 0x00000000b5e00000|  0%| F|  |TAMS 0x00000000b5d00000, 0x00000000b5d00000| Untracked 
| 350|0x00000000b5e00000, 0x00000000b5f00000, 0x00000000b5f00000|100%| O|  |TAMS 0x00000000b5f00000, 0x00000000b5e00000| Untracked 
| 351|0x00000000b5f00000, 0x00000000b5f00000, 0x00000000b6000000|  0%| F|  |TAMS 0x00000000b5f00000, 0x00000000b5f00000| Untracked 
| 352|0x00000000b6000000, 0x00000000b6000000, 0x00000000b6100000|  0%| F|  |TAMS 0x00000000b6000000, 0x00000000b6000000| Untracked 
| 353|0x00000000b6100000, 0x00000000b6100000, 0x00000000b6200000|  0%| F|  |TAMS 0x00000000b6100000, 0x00000000b6100000| Untracked 
| 354|0x00000000b6200000, 0x00000000b6200000, 0x00000000b6300000|  0%| F|  |TAMS 0x00000000b6200000, 0x00000000b6200000| Untracked 
| 355|0x00000000b6300000, 0x00000000b6300000, 0x00000000b6400000|  0%| F|  |TAMS 0x00000000b6300000, 0x00000000b6300000| Untracked 
| 356|0x00000000b6400000, 0x00000000b6400000, 0x00000000b6500000|  0%| F|  |TAMS 0x00000000b6400000, 0x00000000b6400000| Untracked 
| 357|0x00000000b6500000, 0x00000000b6500000, 0x00000000b6600000|  0%| F|  |TAMS 0x00000000b6500000, 0x00000000b6500000| Untracked 
| 358|0x00000000b6600000, 0x00000000b6600000, 0x00000000b6700000|  0%| F|  |TAMS 0x00000000b6600000, 0x00000000b6600000| Untracked 
| 359|0x00000000b6700000, 0x00000000b6700000, 0x00000000b6800000|  0%| F|  |TAMS 0x00000000b6700000, 0x00000000b6700000| Untracked 
| 360|0x00000000b6800000, 0x00000000b6800000, 0x00000000b6900000|  0%| F|  |TAMS 0x00000000b6800000, 0x00000000b6800000| Untracked 
| 361|0x00000000b6900000, 0x00000000b6900000, 0x00000000b6a00000|  0%| F|  |TAMS 0x00000000b6900000, 0x00000000b6900000| Untracked 
| 362|0x00000000b6a00000, 0x00000000b6a00000, 0x00000000b6b00000|  0%| F|  |TAMS 0x00000000b6a00000, 0x00000000b6a00000| Untracked 
| 363|0x00000000b6b00000, 0x00000000b6b00000, 0x00000000b6c00000|  0%| F|  |TAMS 0x00000000b6b00000, 0x00000000b6b00000| Untracked 
| 364|0x00000000b6c00000, 0x00000000b6c00000, 0x00000000b6d00000|  0%| F|  |TAMS 0x00000000b6c00000, 0x00000000b6c00000| Untracked 
| 365|0x00000000b6d00000, 0x00000000b6d00000, 0x00000000b6e00000|  0%| F|  |TAMS 0x00000000b6d00000, 0x00000000b6d00000| Untracked 
| 366|0x00000000b6e00000, 0x00000000b6e00000, 0x00000000b6f00000|  0%| F|  |TAMS 0x00000000b6e00000, 0x00000000b6e00000| Untracked 
| 367|0x00000000b6f00000, 0x00000000b6f00000, 0x00000000b7000000|  0%| F|  |TAMS 0x00000000b6f00000, 0x00000000b6f00000| Untracked 
| 368|0x00000000b7000000, 0x00000000b7000000, 0x00000000b7100000|  0%| F|  |TAMS 0x00000000b7000000, 0x00000000b7000000| Untracked 
| 369|0x00000000b7100000, 0x00000000b7100000, 0x00000000b7200000|  0%| F|  |TAMS 0x00000000b7100000, 0x00000000b7100000| Untracked 
| 370|0x00000000b7200000, 0x00000000b7200000, 0x00000000b7300000|  0%| F|  |TAMS 0x00000000b7200000, 0x00000000b7200000| Untracked 
| 371|0x00000000b7300000, 0x00000000b7300000, 0x00000000b7400000|  0%| F|  |TAMS 0x00000000b7300000, 0x00000000b7300000| Untracked 
| 372|0x00000000b7400000, 0x00000000b7400000, 0x00000000b7500000|  0%| F|  |TAMS 0x00000000b7400000, 0x00000000b7400000| Untracked 
| 373|0x00000000b7500000, 0x00000000b7500000, 0x00000000b7600000|  0%| F|  |TAMS 0x00000000b7500000, 0x00000000b7500000| Untracked 
| 374|0x00000000b7600000, 0x00000000b7600000, 0x00000000b7700000|  0%| F|  |TAMS 0x00000000b7600000, 0x00000000b7600000| Untracked 
| 375|0x00000000b7700000, 0x00000000b7700000, 0x00000000b7800000|  0%| F|  |TAMS 0x00000000b7700000, 0x00000000b7700000| Untracked 
| 376|0x00000000b7800000, 0x00000000b7800000, 0x00000000b7900000|  0%| F|  |TAMS 0x00000000b7800000, 0x00000000b7800000| Untracked 
| 377|0x00000000b7900000, 0x00000000b7900000, 0x00000000b7a00000|  0%| F|  |TAMS 0x00000000b7900000, 0x00000000b7900000| Untracked 
| 378|0x00000000b7a00000, 0x00000000b7a00000, 0x00000000b7b00000|  0%| F|  |TAMS 0x00000000b7a00000, 0x00000000b7a00000| Untracked 
| 379|0x00000000b7b00000, 0x00000000b7b00000, 0x00000000b7c00000|  0%| F|  |TAMS 0x00000000b7b00000, 0x00000000b7b00000| Untracked 
| 380|0x00000000b7c00000, 0x00000000b7c00000, 0x00000000b7d00000|  0%| F|  |TAMS 0x00000000b7c00000, 0x00000000b7c00000| Untracked 
| 381|0x00000000b7d00000, 0x00000000b7d00000, 0x00000000b7e00000|  0%| F|  |TAMS 0x00000000b7d00000, 0x00000000b7d00000| Untracked 
| 382|0x00000000b7e00000, 0x00000000b7e00000, 0x00000000b7f00000|  0%| F|  |TAMS 0x00000000b7e00000, 0x00000000b7e00000| Untracked 
| 383|0x00000000b7f00000, 0x00000000b7f00000, 0x00000000b8000000|  0%| F|  |TAMS 0x00000000b7f00000, 0x00000000b7f00000| Untracked 
| 384|0x00000000b8000000, 0x00000000b8000000, 0x00000000b8100000|  0%| F|  |TAMS 0x00000000b8000000, 0x00000000b8000000| Untracked 
| 385|0x00000000b8100000, 0x00000000b8100000, 0x00000000b8200000|  0%| F|  |TAMS 0x00000000b8100000, 0x00000000b8100000| Untracked 
| 386|0x00000000b8200000, 0x00000000b8200000, 0x00000000b8300000|  0%| F|  |TAMS 0x00000000b8200000, 0x00000000b8200000| Untracked 
| 387|0x00000000b8300000, 0x00000000b8300000, 0x00000000b8400000|  0%| F|  |TAMS 0x00000000b8300000, 0x00000000b8300000| Untracked 
| 388|0x00000000b8400000, 0x00000000b8400000, 0x00000000b8500000|  0%| F|  |TAMS 0x00000000b8400000, 0x00000000b8400000| Untracked 
| 389|0x00000000b8500000, 0x00000000b8500000, 0x00000000b8600000|  0%| F|  |TAMS 0x00000000b8500000, 0x00000000b8500000| Untracked 
| 390|0x00000000b8600000, 0x00000000b8600000, 0x00000000b8700000|  0%| F|  |TAMS 0x00000000b8600000, 0x00000000b8600000| Untracked 
| 391|0x00000000b8700000, 0x00000000b8700000, 0x00000000b8800000|  0%| F|  |TAMS 0x00000000b8700000, 0x00000000b8700000| Untracked 
| 392|0x00000000b8800000, 0x00000000b8800000, 0x00000000b8900000|  0%| F|  |TAMS 0x00000000b8800000, 0x00000000b8800000| Untracked 
| 393|0x00000000b8900000, 0x00000000b8900000, 0x00000000b8a00000|  0%| F|  |TAMS 0x00000000b8900000, 0x00000000b8900000| Untracked 
| 394|0x00000000b8a00000, 0x00000000b8a00000, 0x00000000b8b00000|  0%| F|  |TAMS 0x00000000b8a00000, 0x00000000b8a00000| Untracked 
| 395|0x00000000b8b00000, 0x00000000b8b00000, 0x00000000b8c00000|  0%| F|  |TAMS 0x00000000b8b00000, 0x00000000b8b00000| Untracked 
| 396|0x00000000b8c00000, 0x00000000b8c00000, 0x00000000b8d00000|  0%| F|  |TAMS 0x00000000b8c00000, 0x00000000b8c00000| Untracked 
| 397|0x00000000b8d00000, 0x00000000b8d00000, 0x00000000b8e00000|  0%| F|  |TAMS 0x00000000b8d00000, 0x00000000b8d00000| Untracked 
| 398|0x00000000b8e00000, 0x00000000b8e00000, 0x00000000b8f00000|  0%| F|  |TAMS 0x00000000b8e00000, 0x00000000b8e00000| Untracked 
| 399|0x00000000b8f00000, 0x00000000b8f00000, 0x00000000b9000000|  0%| F|  |TAMS 0x00000000b8f00000, 0x00000000b8f00000| Untracked 
| 400|0x00000000b9000000, 0x00000000b9000000, 0x00000000b9100000|  0%| F|  |TAMS 0x00000000b9000000, 0x00000000b9000000| Untracked 
| 401|0x00000000b9100000, 0x00000000b9100000, 0x00000000b9200000|  0%| F|  |TAMS 0x00000000b9100000, 0x00000000b9100000| Untracked 
| 402|0x00000000b9200000, 0x00000000b9200000, 0x00000000b9300000|  0%| F|  |TAMS 0x00000000b9200000, 0x00000000b9200000| Untracked 
| 403|0x00000000b9300000, 0x00000000b9300000, 0x00000000b9400000|  0%| F|  |TAMS 0x00000000b9300000, 0x00000000b9300000| Untracked 
| 404|0x00000000b9400000, 0x00000000b9400000, 0x00000000b9500000|  0%| F|  |TAMS 0x00000000b9400000, 0x00000000b9400000| Untracked 
| 405|0x00000000b9500000, 0x00000000b9500000, 0x00000000b9600000|  0%| F|  |TAMS 0x00000000b9500000, 0x00000000b9500000| Untracked 
| 406|0x00000000b9600000, 0x00000000b9600000, 0x00000000b9700000|  0%| F|  |TAMS 0x00000000b9600000, 0x00000000b9600000| Untracked 
| 407|0x00000000b9700000, 0x00000000b9700000, 0x00000000b9800000|  0%| F|  |TAMS 0x00000000b9700000, 0x00000000b9700000| Untracked 
| 408|0x00000000b9800000, 0x00000000b9800000, 0x00000000b9900000|  0%| F|  |TAMS 0x00000000b9800000, 0x00000000b9800000| Untracked 
| 409|0x00000000b9900000, 0x00000000b9900000, 0x00000000b9a00000|  0%| F|  |TAMS 0x00000000b9900000, 0x00000000b9900000| Untracked 
| 410|0x00000000b9a00000, 0x00000000b9a00000, 0x00000000b9b00000|  0%| F|  |TAMS 0x00000000b9a00000, 0x00000000b9a00000| Untracked 
| 411|0x00000000b9b00000, 0x00000000b9b00000, 0x00000000b9c00000|  0%| F|  |TAMS 0x00000000b9b00000, 0x00000000b9b00000| Untracked 
| 412|0x00000000b9c00000, 0x00000000b9c00000, 0x00000000b9d00000|  0%| F|  |TAMS 0x00000000b9c00000, 0x00000000b9c00000| Untracked 
| 413|0x00000000b9d00000, 0x00000000b9d00000, 0x00000000b9e00000|  0%| F|  |TAMS 0x00000000b9d00000, 0x00000000b9d00000| Untracked 
| 414|0x00000000b9e00000, 0x00000000b9e00000, 0x00000000b9f00000|  0%| F|  |TAMS 0x00000000b9e00000, 0x00000000b9e00000| Untracked 
| 415|0x00000000b9f00000, 0x00000000b9f00000, 0x00000000ba000000|  0%| F|  |TAMS 0x00000000b9f00000, 0x00000000b9f00000| Untracked 
| 416|0x00000000ba000000, 0x00000000ba000000, 0x00000000ba100000|  0%| F|  |TAMS 0x00000000ba000000, 0x00000000ba000000| Untracked 
| 417|0x00000000ba100000, 0x00000000ba100000, 0x00000000ba200000|  0%| F|  |TAMS 0x00000000ba100000, 0x00000000ba100000| Untracked 
| 418|0x00000000ba200000, 0x00000000ba200000, 0x00000000ba300000|  0%| F|  |TAMS 0x00000000ba200000, 0x00000000ba200000| Untracked 
| 419|0x00000000ba300000, 0x00000000ba300000, 0x00000000ba400000|  0%| F|  |TAMS 0x00000000ba300000, 0x00000000ba300000| Untracked 
| 420|0x00000000ba400000, 0x00000000ba400000, 0x00000000ba500000|  0%| F|  |TAMS 0x00000000ba400000, 0x00000000ba400000| Untracked 
| 421|0x00000000ba500000, 0x00000000ba500000, 0x00000000ba600000|  0%| F|  |TAMS 0x00000000ba500000, 0x00000000ba500000| Untracked 
| 422|0x00000000ba600000, 0x00000000ba600000, 0x00000000ba700000|  0%| F|  |TAMS 0x00000000ba600000, 0x00000000ba600000| Untracked 
| 423|0x00000000ba700000, 0x00000000ba700000, 0x00000000ba800000|  0%| F|  |TAMS 0x00000000ba700000, 0x00000000ba700000| Untracked 
| 424|0x00000000ba800000, 0x00000000ba800000, 0x00000000ba900000|  0%| F|  |TAMS 0x00000000ba800000, 0x00000000ba800000| Untracked 
| 425|0x00000000ba900000, 0x00000000ba900000, 0x00000000baa00000|  0%| F|  |TAMS 0x00000000ba900000, 0x00000000ba900000| Untracked 
| 426|0x00000000baa00000, 0x00000000baa00000, 0x00000000bab00000|  0%| F|  |TAMS 0x00000000baa00000, 0x00000000baa00000| Untracked 
| 427|0x00000000bab00000, 0x00000000bab00000, 0x00000000bac00000|  0%| F|  |TAMS 0x00000000bab00000, 0x00000000bab00000| Untracked 
| 428|0x00000000bac00000, 0x00000000bac00000, 0x00000000bad00000|  0%| F|  |TAMS 0x00000000bac00000, 0x00000000bac00000| Untracked 
| 429|0x00000000bad00000, 0x00000000bad00000, 0x00000000bae00000|  0%| F|  |TAMS 0x00000000bad00000, 0x00000000bad00000| Untracked 
| 430|0x00000000bae00000, 0x00000000bae00000, 0x00000000baf00000|  0%| F|  |TAMS 0x00000000bae00000, 0x00000000bae00000| Untracked 
| 431|0x00000000baf00000, 0x00000000baf00000, 0x00000000bb000000|  0%| F|  |TAMS 0x00000000baf00000, 0x00000000baf00000| Untracked 
| 432|0x00000000bb000000, 0x00000000bb000000, 0x00000000bb100000|  0%| F|  |TAMS 0x00000000bb000000, 0x00000000bb000000| Untracked 
| 433|0x00000000bb100000, 0x00000000bb100000, 0x00000000bb200000|  0%| F|  |TAMS 0x00000000bb100000, 0x00000000bb100000| Untracked 
| 434|0x00000000bb200000, 0x00000000bb200000, 0x00000000bb300000|  0%| F|  |TAMS 0x00000000bb200000, 0x00000000bb200000| Untracked 
| 435|0x00000000bb300000, 0x00000000bb300000, 0x00000000bb400000|  0%| F|  |TAMS 0x00000000bb300000, 0x00000000bb300000| Untracked 
| 436|0x00000000bb400000, 0x00000000bb400000, 0x00000000bb500000|  0%| F|  |TAMS 0x00000000bb400000, 0x00000000bb400000| Untracked 
| 437|0x00000000bb500000, 0x00000000bb500000, 0x00000000bb600000|  0%| F|  |TAMS 0x00000000bb500000, 0x00000000bb500000| Untracked 
| 438|0x00000000bb600000, 0x00000000bb600000, 0x00000000bb700000|  0%| F|  |TAMS 0x00000000bb600000, 0x00000000bb600000| Untracked 
| 439|0x00000000bb700000, 0x00000000bb700000, 0x00000000bb800000|  0%| F|  |TAMS 0x00000000bb700000, 0x00000000bb700000| Untracked 
| 440|0x00000000bb800000, 0x00000000bb800000, 0x00000000bb900000|  0%| F|  |TAMS 0x00000000bb800000, 0x00000000bb800000| Untracked 
| 441|0x00000000bb900000, 0x00000000bb900000, 0x00000000bba00000|  0%| F|  |TAMS 0x00000000bb900000, 0x00000000bb900000| Untracked 
| 442|0x00000000bba00000, 0x00000000bba00000, 0x00000000bbb00000|  0%| F|  |TAMS 0x00000000bba00000, 0x00000000bba00000| Untracked 
| 443|0x00000000bbb00000, 0x00000000bbb00000, 0x00000000bbc00000|  0%| F|  |TAMS 0x00000000bbb00000, 0x00000000bbb00000| Untracked 
| 444|0x00000000bbc00000, 0x00000000bbc00000, 0x00000000bbd00000|  0%| F|  |TAMS 0x00000000bbc00000, 0x00000000bbc00000| Untracked 
| 445|0x00000000bbd00000, 0x00000000bbd00000, 0x00000000bbe00000|  0%| F|  |TAMS 0x00000000bbd00000, 0x00000000bbd00000| Untracked 
| 446|0x00000000bbe00000, 0x00000000bbe00000, 0x00000000bbf00000|  0%| F|  |TAMS 0x00000000bbe00000, 0x00000000bbe00000| Untracked 
| 447|0x00000000bbf00000, 0x00000000bbf00000, 0x00000000bc000000|  0%| F|  |TAMS 0x00000000bbf00000, 0x00000000bbf00000| Untracked 
| 448|0x00000000bc000000, 0x00000000bc000000, 0x00000000bc100000|  0%| F|  |TAMS 0x00000000bc000000, 0x00000000bc000000| Untracked 
| 449|0x00000000bc100000, 0x00000000bc100000, 0x00000000bc200000|  0%| F|  |TAMS 0x00000000bc100000, 0x00000000bc100000| Untracked 
| 450|0x00000000bc200000, 0x00000000bc200000, 0x00000000bc300000|  0%| F|  |TAMS 0x00000000bc200000, 0x00000000bc200000| Untracked 
| 451|0x00000000bc300000, 0x00000000bc300000, 0x00000000bc400000|  0%| F|  |TAMS 0x00000000bc300000, 0x00000000bc300000| Untracked 
| 452|0x00000000bc400000, 0x00000000bc400000, 0x00000000bc500000|  0%| F|  |TAMS 0x00000000bc400000, 0x00000000bc400000| Untracked 
| 453|0x00000000bc500000, 0x00000000bc500000, 0x00000000bc600000|  0%| F|  |TAMS 0x00000000bc500000, 0x00000000bc500000| Untracked 
| 454|0x00000000bc600000, 0x00000000bc600000, 0x00000000bc700000|  0%| F|  |TAMS 0x00000000bc600000, 0x00000000bc600000| Untracked 
| 455|0x00000000bc700000, 0x00000000bc700000, 0x00000000bc800000|  0%| F|  |TAMS 0x00000000bc700000, 0x00000000bc700000| Untracked 
| 456|0x00000000bc800000, 0x00000000bc800000, 0x00000000bc900000|  0%| F|  |TAMS 0x00000000bc800000, 0x00000000bc800000| Untracked 
| 457|0x00000000bc900000, 0x00000000bc900000, 0x00000000bca00000|  0%| F|  |TAMS 0x00000000bc900000, 0x00000000bc900000| Untracked 
| 458|0x00000000bca00000, 0x00000000bca00000, 0x00000000bcb00000|  0%| F|  |TAMS 0x00000000bca00000, 0x00000000bca00000| Untracked 
| 459|0x00000000bcb00000, 0x00000000bcb00000, 0x00000000bcc00000|  0%| F|  |TAMS 0x00000000bcb00000, 0x00000000bcb00000| Untracked 
| 460|0x00000000bcc00000, 0x00000000bcc00000, 0x00000000bcd00000|  0%| F|  |TAMS 0x00000000bcc00000, 0x00000000bcc00000| Untracked 
| 461|0x00000000bcd00000, 0x00000000bcd00000, 0x00000000bce00000|  0%| F|  |TAMS 0x00000000bcd00000, 0x00000000bcd00000| Untracked 
| 462|0x00000000bce00000, 0x00000000bce00000, 0x00000000bcf00000|  0%| F|  |TAMS 0x00000000bce00000, 0x00000000bce00000| Untracked 
| 463|0x00000000bcf00000, 0x00000000bcf00000, 0x00000000bd000000|  0%| F|  |TAMS 0x00000000bcf00000, 0x00000000bcf00000| Untracked 
| 464|0x00000000bd000000, 0x00000000bd000000, 0x00000000bd100000|  0%| F|  |TAMS 0x00000000bd000000, 0x00000000bd000000| Untracked 
| 465|0x00000000bd100000, 0x00000000bd100000, 0x00000000bd200000|  0%| F|  |TAMS 0x00000000bd100000, 0x00000000bd100000| Untracked 
| 466|0x00000000bd200000, 0x00000000bd200000, 0x00000000bd300000|  0%| F|  |TAMS 0x00000000bd200000, 0x00000000bd200000| Untracked 
| 467|0x00000000bd300000, 0x00000000bd300000, 0x00000000bd400000|  0%| F|  |TAMS 0x00000000bd300000, 0x00000000bd300000| Untracked 
| 468|0x00000000bd400000, 0x00000000bd400000, 0x00000000bd500000|  0%| F|  |TAMS 0x00000000bd400000, 0x00000000bd400000| Untracked 
| 469|0x00000000bd500000, 0x00000000bd500000, 0x00000000bd600000|  0%| F|  |TAMS 0x00000000bd500000, 0x00000000bd500000| Untracked 
| 470|0x00000000bd600000, 0x00000000bd600000, 0x00000000bd700000|  0%| F|  |TAMS 0x00000000bd600000, 0x00000000bd600000| Untracked 
| 471|0x00000000bd700000, 0x00000000bd700000, 0x00000000bd800000|  0%| F|  |TAMS 0x00000000bd700000, 0x00000000bd700000| Untracked 
| 472|0x00000000bd800000, 0x00000000bd800000, 0x00000000bd900000|  0%| F|  |TAMS 0x00000000bd800000, 0x00000000bd800000| Untracked 
| 473|0x00000000bd900000, 0x00000000bd900000, 0x00000000bda00000|  0%| F|  |TAMS 0x00000000bd900000, 0x00000000bd900000| Untracked 
| 474|0x00000000bda00000, 0x00000000bda00000, 0x00000000bdb00000|  0%| F|  |TAMS 0x00000000bda00000, 0x00000000bda00000| Untracked 
| 475|0x00000000bdb00000, 0x00000000bdb00000, 0x00000000bdc00000|  0%| F|  |TAMS 0x00000000bdb00000, 0x00000000bdb00000| Untracked 
| 476|0x00000000bdc00000, 0x00000000bdc00000, 0x00000000bdd00000|  0%| F|  |TAMS 0x00000000bdc00000, 0x00000000bdc00000| Untracked 
| 477|0x00000000bdd00000, 0x00000000bdd00000, 0x00000000bde00000|  0%| F|  |TAMS 0x00000000bdd00000, 0x00000000bdd00000| Untracked 
| 478|0x00000000bde00000, 0x00000000bde00000, 0x00000000bdf00000|  0%| F|  |TAMS 0x00000000bde00000, 0x00000000bde00000| Untracked 
| 479|0x00000000bdf00000, 0x00000000bdf00000, 0x00000000be000000|  0%| F|  |TAMS 0x00000000bdf00000, 0x00000000bdf00000| Untracked 
| 480|0x00000000be000000, 0x00000000be000000, 0x00000000be100000|  0%| F|  |TAMS 0x00000000be000000, 0x00000000be000000| Untracked 
| 481|0x00000000be100000, 0x00000000be100000, 0x00000000be200000|  0%| F|  |TAMS 0x00000000be100000, 0x00000000be100000| Untracked 
| 482|0x00000000be200000, 0x00000000be200000, 0x00000000be300000|  0%| F|  |TAMS 0x00000000be200000, 0x00000000be200000| Untracked 
| 483|0x00000000be300000, 0x00000000be300000, 0x00000000be400000|  0%| F|  |TAMS 0x00000000be300000, 0x00000000be300000| Untracked 
| 484|0x00000000be400000, 0x00000000be400000, 0x00000000be500000|  0%| F|  |TAMS 0x00000000be400000, 0x00000000be400000| Untracked 
| 485|0x00000000be500000, 0x00000000be500000, 0x00000000be600000|  0%| F|  |TAMS 0x00000000be500000, 0x00000000be500000| Untracked 
| 486|0x00000000be600000, 0x00000000be600000, 0x00000000be700000|  0%| F|  |TAMS 0x00000000be600000, 0x00000000be600000| Untracked 
| 487|0x00000000be700000, 0x00000000be700000, 0x00000000be800000|  0%| F|  |TAMS 0x00000000be700000, 0x00000000be700000| Untracked 
| 488|0x00000000be800000, 0x00000000be800000, 0x00000000be900000|  0%| F|  |TAMS 0x00000000be800000, 0x00000000be800000| Untracked 
| 489|0x00000000be900000, 0x00000000be900000, 0x00000000bea00000|  0%| F|  |TAMS 0x00000000be900000, 0x00000000be900000| Untracked 
| 490|0x00000000bea00000, 0x00000000bea00000, 0x00000000beb00000|  0%| F|  |TAMS 0x00000000bea00000, 0x00000000bea00000| Untracked 
| 491|0x00000000beb00000, 0x00000000beb00000, 0x00000000bec00000|  0%| F|  |TAMS 0x00000000beb00000, 0x00000000beb00000| Untracked 
| 492|0x00000000bec00000, 0x00000000bec00000, 0x00000000bed00000|  0%| F|  |TAMS 0x00000000bec00000, 0x00000000bec00000| Untracked 
| 493|0x00000000bed00000, 0x00000000bed00000, 0x00000000bee00000|  0%| F|  |TAMS 0x00000000bed00000, 0x00000000bed00000| Untracked 
| 494|0x00000000bee00000, 0x00000000bee00000, 0x00000000bef00000|  0%| F|  |TAMS 0x00000000bee00000, 0x00000000bee00000| Untracked 
| 495|0x00000000bef00000, 0x00000000bef00000, 0x00000000bf000000|  0%| F|  |TAMS 0x00000000bef00000, 0x00000000bef00000| Untracked 
| 496|0x00000000bf000000, 0x00000000bf000000, 0x00000000bf100000|  0%| F|  |TAMS 0x00000000bf000000, 0x00000000bf000000| Untracked 
| 497|0x00000000bf100000, 0x00000000bf100000, 0x00000000bf200000|  0%| F|  |TAMS 0x00000000bf100000, 0x00000000bf100000| Untracked 
| 498|0x00000000bf200000, 0x00000000bf200000, 0x00000000bf300000|  0%| F|  |TAMS 0x00000000bf200000, 0x00000000bf200000| Untracked 
| 499|0x00000000bf300000, 0x00000000bf300000, 0x00000000bf400000|  0%| F|  |TAMS 0x00000000bf300000, 0x00000000bf300000| Untracked 
| 500|0x00000000bf400000, 0x00000000bf400000, 0x00000000bf500000|  0%| F|  |TAMS 0x00000000bf400000, 0x00000000bf400000| Untracked 
| 501|0x00000000bf500000, 0x00000000bf500000, 0x00000000bf600000|  0%| F|  |TAMS 0x00000000bf500000, 0x00000000bf500000| Untracked 
| 502|0x00000000bf600000, 0x00000000bf600000, 0x00000000bf700000|  0%| F|  |TAMS 0x00000000bf600000, 0x00000000bf600000| Untracked 
| 503|0x00000000bf700000, 0x00000000bf700000, 0x00000000bf800000|  0%| F|  |TAMS 0x00000000bf700000, 0x00000000bf700000| Untracked 
| 504|0x00000000bf800000, 0x00000000bf800000, 0x00000000bf900000|  0%| F|  |TAMS 0x00000000bf800000, 0x00000000bf800000| Untracked 
| 505|0x00000000bf900000, 0x00000000bf900000, 0x00000000bfa00000|  0%| F|  |TAMS 0x00000000bf900000, 0x00000000bf900000| Untracked 
| 506|0x00000000bfa00000, 0x00000000bfa00000, 0x00000000bfb00000|  0%| F|  |TAMS 0x00000000bfa00000, 0x00000000bfa00000| Untracked 
| 507|0x00000000bfb00000, 0x00000000bfb00000, 0x00000000bfc00000|  0%| F|  |TAMS 0x00000000bfb00000, 0x00000000bfb00000| Untracked 
| 508|0x00000000bfc00000, 0x00000000bfc00000, 0x00000000bfd00000|  0%| F|  |TAMS 0x00000000bfc00000, 0x00000000bfc00000| Untracked 
| 509|0x00000000bfd00000, 0x00000000bfd00000, 0x00000000bfe00000|  0%| F|  |TAMS 0x00000000bfd00000, 0x00000000bfd00000| Untracked 
| 510|0x00000000bfe00000, 0x00000000bfe00000, 0x00000000bff00000|  0%| F|  |TAMS 0x00000000bfe00000, 0x00000000bfe00000| Untracked 
| 511|0x00000000bff00000, 0x00000000bff00000, 0x00000000c0000000|  0%| F|  |TAMS 0x00000000bff00000, 0x00000000bff00000| Untracked 
| 512|0x00000000c0000000, 0x00000000c0000000, 0x00000000c0100000|  0%| F|  |TAMS 0x00000000c0000000, 0x00000000c0000000| Untracked 
| 513|0x00000000c0100000, 0x00000000c0100000, 0x00000000c0200000|  0%| F|  |TAMS 0x00000000c0100000, 0x00000000c0100000| Untracked 
| 514|0x00000000c0200000, 0x00000000c0200000, 0x00000000c0300000|  0%| F|  |TAMS 0x00000000c0200000, 0x00000000c0200000| Untracked 
| 515|0x00000000c0300000, 0x00000000c0300000, 0x00000000c0400000|  0%| F|  |TAMS 0x00000000c0300000, 0x00000000c0300000| Untracked 
| 516|0x00000000c0400000, 0x00000000c0400000, 0x00000000c0500000|  0%| F|  |TAMS 0x00000000c0400000, 0x00000000c0400000| Untracked 
| 517|0x00000000c0500000, 0x00000000c0500000, 0x00000000c0600000|  0%| F|  |TAMS 0x00000000c0500000, 0x00000000c0500000| Untracked 
| 518|0x00000000c0600000, 0x00000000c0600000, 0x00000000c0700000|  0%| F|  |TAMS 0x00000000c0600000, 0x00000000c0600000| Untracked 
| 519|0x00000000c0700000, 0x00000000c0700000, 0x00000000c0800000|  0%| F|  |TAMS 0x00000000c0700000, 0x00000000c0700000| Untracked 
| 520|0x00000000c0800000, 0x00000000c0800000, 0x00000000c0900000|  0%| F|  |TAMS 0x00000000c0800000, 0x00000000c0800000| Untracked 
| 521|0x00000000c0900000, 0x00000000c0900000, 0x00000000c0a00000|  0%| F|  |TAMS 0x00000000c0900000, 0x00000000c0900000| Untracked 
| 522|0x00000000c0a00000, 0x00000000c0a00000, 0x00000000c0b00000|  0%| F|  |TAMS 0x00000000c0a00000, 0x00000000c0a00000| Untracked 
| 523|0x00000000c0b00000, 0x00000000c0b00000, 0x00000000c0c00000|  0%| F|  |TAMS 0x00000000c0b00000, 0x00000000c0b00000| Untracked 
| 524|0x00000000c0c00000, 0x00000000c0c00000, 0x00000000c0d00000|  0%| F|  |TAMS 0x00000000c0c00000, 0x00000000c0c00000| Untracked 
| 525|0x00000000c0d00000, 0x00000000c0d00000, 0x00000000c0e00000|  0%| F|  |TAMS 0x00000000c0d00000, 0x00000000c0d00000| Untracked 
| 526|0x00000000c0e00000, 0x00000000c0e00000, 0x00000000c0f00000|  0%| F|  |TAMS 0x00000000c0e00000, 0x00000000c0e00000| Untracked 
| 527|0x00000000c0f00000, 0x00000000c0f00000, 0x00000000c1000000|  0%| F|  |TAMS 0x00000000c0f00000, 0x00000000c0f00000| Untracked 
| 528|0x00000000c1000000, 0x00000000c1000000, 0x00000000c1100000|  0%| F|  |TAMS 0x00000000c1000000, 0x00000000c1000000| Untracked 
| 529|0x00000000c1100000, 0x00000000c1100000, 0x00000000c1200000|  0%| F|  |TAMS 0x00000000c1100000, 0x00000000c1100000| Untracked 
| 530|0x00000000c1200000, 0x00000000c1200000, 0x00000000c1300000|  0%| F|  |TAMS 0x00000000c1200000, 0x00000000c1200000| Untracked 
| 531|0x00000000c1300000, 0x00000000c1300000, 0x00000000c1400000|  0%| F|  |TAMS 0x00000000c1300000, 0x00000000c1300000| Untracked 
| 532|0x00000000c1400000, 0x00000000c1400000, 0x00000000c1500000|  0%| F|  |TAMS 0x00000000c1400000, 0x00000000c1400000| Untracked 
| 533|0x00000000c1500000, 0x00000000c1500000, 0x00000000c1600000|  0%| F|  |TAMS 0x00000000c1500000, 0x00000000c1500000| Untracked 
| 534|0x00000000c1600000, 0x00000000c1600000, 0x00000000c1700000|  0%| F|  |TAMS 0x00000000c1600000, 0x00000000c1600000| Untracked 
| 535|0x00000000c1700000, 0x00000000c1700000, 0x00000000c1800000|  0%| F|  |TAMS 0x00000000c1700000, 0x00000000c1700000| Untracked 
| 536|0x00000000c1800000, 0x00000000c1800000, 0x00000000c1900000|  0%| F|  |TAMS 0x00000000c1800000, 0x00000000c1800000| Untracked 
| 537|0x00000000c1900000, 0x00000000c1900000, 0x00000000c1a00000|  0%| F|  |TAMS 0x00000000c1900000, 0x00000000c1900000| Untracked 
| 538|0x00000000c1a00000, 0x00000000c1a00000, 0x00000000c1b00000|  0%| F|  |TAMS 0x00000000c1a00000, 0x00000000c1a00000| Untracked 
| 539|0x00000000c1b00000, 0x00000000c1b00000, 0x00000000c1c00000|  0%| F|  |TAMS 0x00000000c1b00000, 0x00000000c1b00000| Untracked 
| 540|0x00000000c1c00000, 0x00000000c1c00000, 0x00000000c1d00000|  0%| F|  |TAMS 0x00000000c1c00000, 0x00000000c1c00000| Untracked 
| 541|0x00000000c1d00000, 0x00000000c1d00000, 0x00000000c1e00000|  0%| F|  |TAMS 0x00000000c1d00000, 0x00000000c1d00000| Untracked 
| 542|0x00000000c1e00000, 0x00000000c1e00000, 0x00000000c1f00000|  0%| F|  |TAMS 0x00000000c1e00000, 0x00000000c1e00000| Untracked 
| 543|0x00000000c1f00000, 0x00000000c1f00000, 0x00000000c2000000|  0%| F|  |TAMS 0x00000000c1f00000, 0x00000000c1f00000| Untracked 
| 544|0x00000000c2000000, 0x00000000c2000000, 0x00000000c2100000|  0%| F|  |TAMS 0x00000000c2000000, 0x00000000c2000000| Untracked 
| 545|0x00000000c2100000, 0x00000000c2100000, 0x00000000c2200000|  0%| F|  |TAMS 0x00000000c2100000, 0x00000000c2100000| Untracked 
| 546|0x00000000c2200000, 0x00000000c2200000, 0x00000000c2300000|  0%| F|  |TAMS 0x00000000c2200000, 0x00000000c2200000| Untracked 
| 547|0x00000000c2300000, 0x00000000c2300000, 0x00000000c2400000|  0%| F|  |TAMS 0x00000000c2300000, 0x00000000c2300000| Untracked 
| 548|0x00000000c2400000, 0x00000000c2400000, 0x00000000c2500000|  0%| F|  |TAMS 0x00000000c2400000, 0x00000000c2400000| Untracked 
| 549|0x00000000c2500000, 0x00000000c2500000, 0x00000000c2600000|  0%| F|  |TAMS 0x00000000c2500000, 0x00000000c2500000| Untracked 
| 550|0x00000000c2600000, 0x00000000c2600000, 0x00000000c2700000|  0%| F|  |TAMS 0x00000000c2600000, 0x00000000c2600000| Untracked 
| 551|0x00000000c2700000, 0x00000000c2700000, 0x00000000c2800000|  0%| F|  |TAMS 0x00000000c2700000, 0x00000000c2700000| Untracked 
| 552|0x00000000c2800000, 0x00000000c2800000, 0x00000000c2900000|  0%| F|  |TAMS 0x00000000c2800000, 0x00000000c2800000| Untracked 
| 553|0x00000000c2900000, 0x00000000c2900000, 0x00000000c2a00000|  0%| F|  |TAMS 0x00000000c2900000, 0x00000000c2900000| Untracked 
| 554|0x00000000c2a00000, 0x00000000c2a00000, 0x00000000c2b00000|  0%| F|  |TAMS 0x00000000c2a00000, 0x00000000c2a00000| Untracked 
| 555|0x00000000c2b00000, 0x00000000c2b00000, 0x00000000c2c00000|  0%| F|  |TAMS 0x00000000c2b00000, 0x00000000c2b00000| Untracked 
| 556|0x00000000c2c00000, 0x00000000c2c00000, 0x00000000c2d00000|  0%| F|  |TAMS 0x00000000c2c00000, 0x00000000c2c00000| Untracked 
| 557|0x00000000c2d00000, 0x00000000c2d00000, 0x00000000c2e00000|  0%| F|  |TAMS 0x00000000c2d00000, 0x00000000c2d00000| Untracked 
| 558|0x00000000c2e00000, 0x00000000c2e00000, 0x00000000c2f00000|  0%| F|  |TAMS 0x00000000c2e00000, 0x00000000c2e00000| Untracked 
| 559|0x00000000c2f00000, 0x00000000c2f00000, 0x00000000c3000000|  0%| F|  |TAMS 0x00000000c2f00000, 0x00000000c2f00000| Untracked 
| 560|0x00000000c3000000, 0x00000000c3000000, 0x00000000c3100000|  0%| F|  |TAMS 0x00000000c3000000, 0x00000000c3000000| Untracked 
| 561|0x00000000c3100000, 0x00000000c3100000, 0x00000000c3200000|  0%| F|  |TAMS 0x00000000c3100000, 0x00000000c3100000| Untracked 
| 562|0x00000000c3200000, 0x00000000c3200000, 0x00000000c3300000|  0%| F|  |TAMS 0x00000000c3200000, 0x00000000c3200000| Untracked 
| 563|0x00000000c3300000, 0x00000000c3300000, 0x00000000c3400000|  0%| F|  |TAMS 0x00000000c3300000, 0x00000000c3300000| Untracked 
| 564|0x00000000c3400000, 0x00000000c3400000, 0x00000000c3500000|  0%| F|  |TAMS 0x00000000c3400000, 0x00000000c3400000| Untracked 
| 565|0x00000000c3500000, 0x00000000c3500000, 0x00000000c3600000|  0%| F|  |TAMS 0x00000000c3500000, 0x00000000c3500000| Untracked 
| 566|0x00000000c3600000, 0x00000000c3600000, 0x00000000c3700000|  0%| F|  |TAMS 0x00000000c3600000, 0x00000000c3600000| Untracked 
| 567|0x00000000c3700000, 0x00000000c3700000, 0x00000000c3800000|  0%| F|  |TAMS 0x00000000c3700000, 0x00000000c3700000| Untracked 
| 568|0x00000000c3800000, 0x00000000c3800000, 0x00000000c3900000|  0%| F|  |TAMS 0x00000000c3800000, 0x00000000c3800000| Untracked 
| 569|0x00000000c3900000, 0x00000000c3900000, 0x00000000c3a00000|  0%| F|  |TAMS 0x00000000c3900000, 0x00000000c3900000| Untracked 
| 570|0x00000000c3a00000, 0x00000000c3a00000, 0x00000000c3b00000|  0%| F|  |TAMS 0x00000000c3a00000, 0x00000000c3a00000| Untracked 
| 571|0x00000000c3b00000, 0x00000000c3b00000, 0x00000000c3c00000|  0%| F|  |TAMS 0x00000000c3b00000, 0x00000000c3b00000| Untracked 
| 572|0x00000000c3c00000, 0x00000000c3c00000, 0x00000000c3d00000|  0%| F|  |TAMS 0x00000000c3c00000, 0x00000000c3c00000| Untracked 
| 573|0x00000000c3d00000, 0x00000000c3d00000, 0x00000000c3e00000|  0%| F|  |TAMS 0x00000000c3d00000, 0x00000000c3d00000| Untracked 
| 574|0x00000000c3e00000, 0x00000000c3e00000, 0x00000000c3f00000|  0%| F|  |TAMS 0x00000000c3e00000, 0x00000000c3e00000| Untracked 
| 575|0x00000000c3f00000, 0x00000000c3f00000, 0x00000000c4000000|  0%| F|  |TAMS 0x00000000c3f00000, 0x00000000c3f00000| Untracked 
| 576|0x00000000c4000000, 0x00000000c4000000, 0x00000000c4100000|  0%| F|  |TAMS 0x00000000c4000000, 0x00000000c4000000| Untracked 
| 577|0x00000000c4100000, 0x00000000c4100000, 0x00000000c4200000|  0%| F|  |TAMS 0x00000000c4100000, 0x00000000c4100000| Untracked 
| 578|0x00000000c4200000, 0x00000000c4200000, 0x00000000c4300000|  0%| F|  |TAMS 0x00000000c4200000, 0x00000000c4200000| Untracked 
| 579|0x00000000c4300000, 0x00000000c4300000, 0x00000000c4400000|  0%| F|  |TAMS 0x00000000c4300000, 0x00000000c4300000| Untracked 
| 580|0x00000000c4400000, 0x00000000c4400000, 0x00000000c4500000|  0%| F|  |TAMS 0x00000000c4400000, 0x00000000c4400000| Untracked 
| 581|0x00000000c4500000, 0x00000000c4500000, 0x00000000c4600000|  0%| F|  |TAMS 0x00000000c4500000, 0x00000000c4500000| Untracked 
| 582|0x00000000c4600000, 0x00000000c4600000, 0x00000000c4700000|  0%| F|  |TAMS 0x00000000c4600000, 0x00000000c4600000| Untracked 
| 583|0x00000000c4700000, 0x00000000c4700000, 0x00000000c4800000|  0%| F|  |TAMS 0x00000000c4700000, 0x00000000c4700000| Untracked 
| 584|0x00000000c4800000, 0x00000000c4800000, 0x00000000c4900000|  0%| F|  |TAMS 0x00000000c4800000, 0x00000000c4800000| Untracked 
| 585|0x00000000c4900000, 0x00000000c4900000, 0x00000000c4a00000|  0%| F|  |TAMS 0x00000000c4900000, 0x00000000c4900000| Untracked 
| 586|0x00000000c4a00000, 0x00000000c4a00000, 0x00000000c4b00000|  0%| F|  |TAMS 0x00000000c4a00000, 0x00000000c4a00000| Untracked 
| 587|0x00000000c4b00000, 0x00000000c4b00000, 0x00000000c4c00000|  0%| F|  |TAMS 0x00000000c4b00000, 0x00000000c4b00000| Untracked 
| 588|0x00000000c4c00000, 0x00000000c4c00000, 0x00000000c4d00000|  0%| F|  |TAMS 0x00000000c4c00000, 0x00000000c4c00000| Untracked 
| 589|0x00000000c4d00000, 0x00000000c4d00000, 0x00000000c4e00000|  0%| F|  |TAMS 0x00000000c4d00000, 0x00000000c4d00000| Untracked 
| 590|0x00000000c4e00000, 0x00000000c4e00000, 0x00000000c4f00000|  0%| F|  |TAMS 0x00000000c4e00000, 0x00000000c4e00000| Untracked 
| 591|0x00000000c4f00000, 0x00000000c4f00000, 0x00000000c5000000|  0%| F|  |TAMS 0x00000000c4f00000, 0x00000000c4f00000| Untracked 
| 592|0x00000000c5000000, 0x00000000c5000000, 0x00000000c5100000|  0%| F|  |TAMS 0x00000000c5000000, 0x00000000c5000000| Untracked 
| 593|0x00000000c5100000, 0x00000000c5100000, 0x00000000c5200000|  0%| F|  |TAMS 0x00000000c5100000, 0x00000000c5100000| Untracked 
| 594|0x00000000c5200000, 0x00000000c5200000, 0x00000000c5300000|  0%| F|  |TAMS 0x00000000c5200000, 0x00000000c5200000| Untracked 
| 595|0x00000000c5300000, 0x00000000c5300000, 0x00000000c5400000|  0%| F|  |TAMS 0x00000000c5300000, 0x00000000c5300000| Untracked 
| 596|0x00000000c5400000, 0x00000000c5400000, 0x00000000c5500000|  0%| F|  |TAMS 0x00000000c5400000, 0x00000000c5400000| Untracked 
| 597|0x00000000c5500000, 0x00000000c5500000, 0x00000000c5600000|  0%| F|  |TAMS 0x00000000c5500000, 0x00000000c5500000| Untracked 
| 598|0x00000000c5600000, 0x00000000c5600000, 0x00000000c5700000|  0%| F|  |TAMS 0x00000000c5600000, 0x00000000c5600000| Untracked 
| 599|0x00000000c5700000, 0x00000000c5700000, 0x00000000c5800000|  0%| F|  |TAMS 0x00000000c5700000, 0x00000000c5700000| Untracked 
| 600|0x00000000c5800000, 0x00000000c5800000, 0x00000000c5900000|  0%| F|  |TAMS 0x00000000c5800000, 0x00000000c5800000| Untracked 
| 601|0x00000000c5900000, 0x00000000c5900000, 0x00000000c5a00000|  0%| F|  |TAMS 0x00000000c5900000, 0x00000000c5900000| Untracked 
| 602|0x00000000c5a00000, 0x00000000c5a00000, 0x00000000c5b00000|  0%| F|  |TAMS 0x00000000c5a00000, 0x00000000c5a00000| Untracked 
| 603|0x00000000c5b00000, 0x00000000c5b00000, 0x00000000c5c00000|  0%| F|  |TAMS 0x00000000c5b00000, 0x00000000c5b00000| Untracked 
| 604|0x00000000c5c00000, 0x00000000c5c00000, 0x00000000c5d00000|  0%| F|  |TAMS 0x00000000c5c00000, 0x00000000c5c00000| Untracked 
| 605|0x00000000c5d00000, 0x00000000c5d00000, 0x00000000c5e00000|  0%| F|  |TAMS 0x00000000c5d00000, 0x00000000c5d00000| Untracked 
| 606|0x00000000c5e00000, 0x00000000c5e00000, 0x00000000c5f00000|  0%| F|  |TAMS 0x00000000c5e00000, 0x00000000c5e00000| Untracked 
| 607|0x00000000c5f00000, 0x00000000c5f00000, 0x00000000c6000000|  0%| F|  |TAMS 0x00000000c5f00000, 0x00000000c5f00000| Untracked 
| 608|0x00000000c6000000, 0x00000000c6000000, 0x00000000c6100000|  0%| F|  |TAMS 0x00000000c6000000, 0x00000000c6000000| Untracked 
| 609|0x00000000c6100000, 0x00000000c6100000, 0x00000000c6200000|  0%| F|  |TAMS 0x00000000c6100000, 0x00000000c6100000| Untracked 
| 610|0x00000000c6200000, 0x00000000c6200000, 0x00000000c6300000|  0%| F|  |TAMS 0x00000000c6200000, 0x00000000c6200000| Untracked 
| 611|0x00000000c6300000, 0x00000000c6300000, 0x00000000c6400000|  0%| F|  |TAMS 0x00000000c6300000, 0x00000000c6300000| Untracked 
| 612|0x00000000c6400000, 0x00000000c6400000, 0x00000000c6500000|  0%| F|  |TAMS 0x00000000c6400000, 0x00000000c6400000| Untracked 
| 613|0x00000000c6500000, 0x00000000c6500000, 0x00000000c6600000|  0%| F|  |TAMS 0x00000000c6500000, 0x00000000c6500000| Untracked 
| 614|0x00000000c6600000, 0x00000000c6600000, 0x00000000c6700000|  0%| F|  |TAMS 0x00000000c6600000, 0x00000000c6600000| Untracked 
| 615|0x00000000c6700000, 0x00000000c6700000, 0x00000000c6800000|  0%| F|  |TAMS 0x00000000c6700000, 0x00000000c6700000| Untracked 
| 616|0x00000000c6800000, 0x00000000c6800000, 0x00000000c6900000|  0%| F|  |TAMS 0x00000000c6800000, 0x00000000c6800000| Untracked 
| 617|0x00000000c6900000, 0x00000000c6900000, 0x00000000c6a00000|  0%| F|  |TAMS 0x00000000c6900000, 0x00000000c6900000| Untracked 
| 618|0x00000000c6a00000, 0x00000000c6a00000, 0x00000000c6b00000|  0%| F|  |TAMS 0x00000000c6a00000, 0x00000000c6a00000| Untracked 
| 619|0x00000000c6b00000, 0x00000000c6b00000, 0x00000000c6c00000|  0%| F|  |TAMS 0x00000000c6b00000, 0x00000000c6b00000| Untracked 
| 620|0x00000000c6c00000, 0x00000000c6c00000, 0x00000000c6d00000|  0%| F|  |TAMS 0x00000000c6c00000, 0x00000000c6c00000| Untracked 
| 621|0x00000000c6d00000, 0x00000000c6d00000, 0x00000000c6e00000|  0%| F|  |TAMS 0x00000000c6d00000, 0x00000000c6d00000| Untracked 
| 622|0x00000000c6e00000, 0x00000000c6e00000, 0x00000000c6f00000|  0%| F|  |TAMS 0x00000000c6e00000, 0x00000000c6e00000| Untracked 
| 623|0x00000000c6f00000, 0x00000000c6f00000, 0x00000000c7000000|  0%| F|  |TAMS 0x00000000c6f00000, 0x00000000c6f00000| Untracked 
| 624|0x00000000c7000000, 0x00000000c7000000, 0x00000000c7100000|  0%| F|  |TAMS 0x00000000c7000000, 0x00000000c7000000| Untracked 
| 625|0x00000000c7100000, 0x00000000c7100000, 0x00000000c7200000|  0%| F|  |TAMS 0x00000000c7100000, 0x00000000c7100000| Untracked 
| 626|0x00000000c7200000, 0x00000000c7200000, 0x00000000c7300000|  0%| F|  |TAMS 0x00000000c7200000, 0x00000000c7200000| Untracked 
| 627|0x00000000c7300000, 0x00000000c7300000, 0x00000000c7400000|  0%| F|  |TAMS 0x00000000c7300000, 0x00000000c7300000| Untracked 
| 628|0x00000000c7400000, 0x00000000c7400000, 0x00000000c7500000|  0%| F|  |TAMS 0x00000000c7400000, 0x00000000c7400000| Untracked 
| 629|0x00000000c7500000, 0x00000000c7500000, 0x00000000c7600000|  0%| F|  |TAMS 0x00000000c7500000, 0x00000000c7500000| Untracked 
| 630|0x00000000c7600000, 0x00000000c7600000, 0x00000000c7700000|  0%| F|  |TAMS 0x00000000c7600000, 0x00000000c7600000| Untracked 
| 631|0x00000000c7700000, 0x00000000c7700000, 0x00000000c7800000|  0%| F|  |TAMS 0x00000000c7700000, 0x00000000c7700000| Untracked 
| 632|0x00000000c7800000, 0x00000000c7800000, 0x00000000c7900000|  0%| F|  |TAMS 0x00000000c7800000, 0x00000000c7800000| Untracked 
| 633|0x00000000c7900000, 0x00000000c7900000, 0x00000000c7a00000|  0%| F|  |TAMS 0x00000000c7900000, 0x00000000c7900000| Untracked 
| 634|0x00000000c7a00000, 0x00000000c7a00000, 0x00000000c7b00000|  0%| F|  |TAMS 0x00000000c7a00000, 0x00000000c7a00000| Untracked 
| 635|0x00000000c7b00000, 0x00000000c7b00000, 0x00000000c7c00000|  0%| F|  |TAMS 0x00000000c7b00000, 0x00000000c7b00000| Untracked 
| 636|0x00000000c7c00000, 0x00000000c7c00000, 0x00000000c7d00000|  0%| F|  |TAMS 0x00000000c7c00000, 0x00000000c7c00000| Untracked 
| 637|0x00000000c7d00000, 0x00000000c7d00000, 0x00000000c7e00000|  0%| F|  |TAMS 0x00000000c7d00000, 0x00000000c7d00000| Untracked 
| 638|0x00000000c7e00000, 0x00000000c7e00000, 0x00000000c7f00000|  0%| F|  |TAMS 0x00000000c7e00000, 0x00000000c7e00000| Untracked 
| 639|0x00000000c7f00000, 0x00000000c7f00000, 0x00000000c8000000|  0%| F|  |TAMS 0x00000000c7f00000, 0x00000000c7f00000| Untracked 
| 640|0x00000000c8000000, 0x00000000c8000000, 0x00000000c8100000|  0%| F|  |TAMS 0x00000000c8000000, 0x00000000c8000000| Untracked 
| 641|0x00000000c8100000, 0x00000000c8100000, 0x00000000c8200000|  0%| F|  |TAMS 0x00000000c8100000, 0x00000000c8100000| Untracked 
| 642|0x00000000c8200000, 0x00000000c8200000, 0x00000000c8300000|  0%| F|  |TAMS 0x00000000c8200000, 0x00000000c8200000| Untracked 
| 643|0x00000000c8300000, 0x00000000c8300000, 0x00000000c8400000|  0%| F|  |TAMS 0x00000000c8300000, 0x00000000c8300000| Untracked 
| 644|0x00000000c8400000, 0x00000000c8400000, 0x00000000c8500000|  0%| F|  |TAMS 0x00000000c8400000, 0x00000000c8400000| Untracked 
| 645|0x00000000c8500000, 0x00000000c8500000, 0x00000000c8600000|  0%| F|  |TAMS 0x00000000c8500000, 0x00000000c8500000| Untracked 
| 646|0x00000000c8600000, 0x00000000c8600000, 0x00000000c8700000|  0%| F|  |TAMS 0x00000000c8600000, 0x00000000c8600000| Untracked 
| 647|0x00000000c8700000, 0x00000000c8700000, 0x00000000c8800000|  0%| F|  |TAMS 0x00000000c8700000, 0x00000000c8700000| Untracked 
| 648|0x00000000c8800000, 0x00000000c8800000, 0x00000000c8900000|  0%| F|  |TAMS 0x00000000c8800000, 0x00000000c8800000| Untracked 
| 649|0x00000000c8900000, 0x00000000c8900000, 0x00000000c8a00000|  0%| F|  |TAMS 0x00000000c8900000, 0x00000000c8900000| Untracked 
| 650|0x00000000c8a00000, 0x00000000c8a00000, 0x00000000c8b00000|  0%| F|  |TAMS 0x00000000c8a00000, 0x00000000c8a00000| Untracked 
| 651|0x00000000c8b00000, 0x00000000c8b00000, 0x00000000c8c00000|  0%| F|  |TAMS 0x00000000c8b00000, 0x00000000c8b00000| Untracked 
| 652|0x00000000c8c00000, 0x00000000c8c00000, 0x00000000c8d00000|  0%| F|  |TAMS 0x00000000c8c00000, 0x00000000c8c00000| Untracked 
| 653|0x00000000c8d00000, 0x00000000c8d00000, 0x00000000c8e00000|  0%| F|  |TAMS 0x00000000c8d00000, 0x00000000c8d00000| Untracked 
| 654|0x00000000c8e00000, 0x00000000c8e00000, 0x00000000c8f00000|  0%| F|  |TAMS 0x00000000c8e00000, 0x00000000c8e00000| Untracked 
| 655|0x00000000c8f00000, 0x00000000c8f00000, 0x00000000c9000000|  0%| F|  |TAMS 0x00000000c8f00000, 0x00000000c8f00000| Untracked 
| 656|0x00000000c9000000, 0x00000000c9000000, 0x00000000c9100000|  0%| F|  |TAMS 0x00000000c9000000, 0x00000000c9000000| Untracked 
| 657|0x00000000c9100000, 0x00000000c9100000, 0x00000000c9200000|  0%| F|  |TAMS 0x00000000c9100000, 0x00000000c9100000| Untracked 
| 658|0x00000000c9200000, 0x00000000c9200000, 0x00000000c9300000|  0%| F|  |TAMS 0x00000000c9200000, 0x00000000c9200000| Untracked 
| 659|0x00000000c9300000, 0x00000000c9300000, 0x00000000c9400000|  0%| F|  |TAMS 0x00000000c9300000, 0x00000000c9300000| Untracked 
| 660|0x00000000c9400000, 0x00000000c9403818, 0x00000000c9500000|  1%| E|  |TAMS 0x00000000c9400000, 0x00000000c9400000| Complete 
| 661|0x00000000c9500000, 0x00000000c9600000, 0x00000000c9600000|100%| E|CS|TAMS 0x00000000c9500000, 0x00000000c9500000| Complete 
| 662|0x00000000c9600000, 0x00000000c9700000, 0x00000000c9700000|100%| E|CS|TAMS 0x00000000c9600000, 0x00000000c9600000| Complete 
| 663|0x00000000c9700000, 0x00000000c9800000, 0x00000000c9800000|100%| E|CS|TAMS 0x00000000c9700000, 0x00000000c9700000| Complete 
| 664|0x00000000c9800000, 0x00000000c9900000, 0x00000000c9900000|100%| E|CS|TAMS 0x00000000c9800000, 0x00000000c9800000| Complete 
| 665|0x00000000c9900000, 0x00000000c9a00000, 0x00000000c9a00000|100%| E|CS|TAMS 0x00000000c9900000, 0x00000000c9900000| Complete 
| 666|0x00000000c9a00000, 0x00000000c9b00000, 0x00000000c9b00000|100%| E|CS|TAMS 0x00000000c9a00000, 0x00000000c9a00000| Complete 
| 667|0x00000000c9b00000, 0x00000000c9c00000, 0x00000000c9c00000|100%| E|CS|TAMS 0x00000000c9b00000, 0x00000000c9b00000| Complete 
| 668|0x00000000c9c00000, 0x00000000c9d00000, 0x00000000c9d00000|100%| E|CS|TAMS 0x00000000c9c00000, 0x00000000c9c00000| Complete 
| 669|0x00000000c9d00000, 0x00000000c9e00000, 0x00000000c9e00000|100%| E|CS|TAMS 0x00000000c9d00000, 0x00000000c9d00000| Complete 
| 670|0x00000000c9e00000, 0x00000000c9f00000, 0x00000000c9f00000|100%| E|CS|TAMS 0x00000000c9e00000, 0x00000000c9e00000| Complete 
| 671|0x00000000c9f00000, 0x00000000ca000000, 0x00000000ca000000|100%| E|CS|TAMS 0x00000000c9f00000, 0x00000000c9f00000| Complete 
| 672|0x00000000ca000000, 0x00000000ca100000, 0x00000000ca100000|100%| E|CS|TAMS 0x00000000ca000000, 0x00000000ca000000| Complete 
| 673|0x00000000ca100000, 0x00000000ca200000, 0x00000000ca200000|100%| E|CS|TAMS 0x00000000ca100000, 0x00000000ca100000| Complete 
| 674|0x00000000ca200000, 0x00000000ca300000, 0x00000000ca300000|100%| E|CS|TAMS 0x00000000ca200000, 0x00000000ca200000| Complete 
| 675|0x00000000ca300000, 0x00000000ca400000, 0x00000000ca400000|100%| E|CS|TAMS 0x00000000ca300000, 0x00000000ca300000| Complete 
| 676|0x00000000ca400000, 0x00000000ca500000, 0x00000000ca500000|100%| E|CS|TAMS 0x00000000ca400000, 0x00000000ca400000| Complete 
| 677|0x00000000ca500000, 0x00000000ca600000, 0x00000000ca600000|100%| E|CS|TAMS 0x00000000ca500000, 0x00000000ca500000| Complete 
| 678|0x00000000ca600000, 0x00000000ca700000, 0x00000000ca700000|100%| E|CS|TAMS 0x00000000ca600000, 0x00000000ca600000| Complete 
| 679|0x00000000ca700000, 0x00000000ca800000, 0x00000000ca800000|100%| E|CS|TAMS 0x00000000ca700000, 0x00000000ca700000| Complete 
| 680|0x00000000ca800000, 0x00000000ca900000, 0x00000000ca900000|100%| E|CS|TAMS 0x00000000ca800000, 0x00000000ca800000| Complete 
| 681|0x00000000ca900000, 0x00000000caa00000, 0x00000000caa00000|100%| E|CS|TAMS 0x00000000ca900000, 0x00000000ca900000| Complete 
| 682|0x00000000caa00000, 0x00000000cab00000, 0x00000000cab00000|100%| E|CS|TAMS 0x00000000caa00000, 0x00000000caa00000| Complete 
| 683|0x00000000cab00000, 0x00000000cac00000, 0x00000000cac00000|100%| E|CS|TAMS 0x00000000cab00000, 0x00000000cab00000| Complete 
| 684|0x00000000cac00000, 0x00000000cad00000, 0x00000000cad00000|100%| E|CS|TAMS 0x00000000cac00000, 0x00000000cac00000| Complete 
| 685|0x00000000cad00000, 0x00000000cae00000, 0x00000000cae00000|100%| E|CS|TAMS 0x00000000cad00000, 0x00000000cad00000| Complete 
| 686|0x00000000cae00000, 0x00000000caf00000, 0x00000000caf00000|100%| E|CS|TAMS 0x00000000cae00000, 0x00000000cae00000| Complete 
| 687|0x00000000caf00000, 0x00000000cb000000, 0x00000000cb000000|100%| E|CS|TAMS 0x00000000caf00000, 0x00000000caf00000| Complete 
| 688|0x00000000cb000000, 0x00000000cb100000, 0x00000000cb100000|100%| E|CS|TAMS 0x00000000cb000000, 0x00000000cb000000| Complete 
| 689|0x00000000cb100000, 0x00000000cb200000, 0x00000000cb200000|100%| E|CS|TAMS 0x00000000cb100000, 0x00000000cb100000| Complete 
| 690|0x00000000cb200000, 0x00000000cb300000, 0x00000000cb300000|100%| E|CS|TAMS 0x00000000cb200000, 0x00000000cb200000| Complete 
| 691|0x00000000cb300000, 0x00000000cb400000, 0x00000000cb400000|100%| E|CS|TAMS 0x00000000cb300000, 0x00000000cb300000| Complete 
| 692|0x00000000cb400000, 0x00000000cb500000, 0x00000000cb500000|100%| E|CS|TAMS 0x00000000cb400000, 0x00000000cb400000| Complete 
| 693|0x00000000cb500000, 0x00000000cb600000, 0x00000000cb600000|100%| E|CS|TAMS 0x00000000cb500000, 0x00000000cb500000| Complete 
| 694|0x00000000cb600000, 0x00000000cb700000, 0x00000000cb700000|100%| E|CS|TAMS 0x00000000cb600000, 0x00000000cb600000| Complete 
| 695|0x00000000cb700000, 0x00000000cb800000, 0x00000000cb800000|100%| E|CS|TAMS 0x00000000cb700000, 0x00000000cb700000| Complete 
| 696|0x00000000cb800000, 0x00000000cb900000, 0x00000000cb900000|100%| E|CS|TAMS 0x00000000cb800000, 0x00000000cb800000| Complete 
| 697|0x00000000cb900000, 0x00000000cba00000, 0x00000000cba00000|100%| E|CS|TAMS 0x00000000cb900000, 0x00000000cb900000| Complete 
| 698|0x00000000cba00000, 0x00000000cbb00000, 0x00000000cbb00000|100%| E|CS|TAMS 0x00000000cba00000, 0x00000000cba00000| Complete 
| 699|0x00000000cbb00000, 0x00000000cbc00000, 0x00000000cbc00000|100%| E|CS|TAMS 0x00000000cbb00000, 0x00000000cbb00000| Complete 
| 700|0x00000000cbc00000, 0x00000000cbd00000, 0x00000000cbd00000|100%| E|CS|TAMS 0x00000000cbc00000, 0x00000000cbc00000| Complete 
| 701|0x00000000cbd00000, 0x00000000cbe00000, 0x00000000cbe00000|100%| E|CS|TAMS 0x00000000cbd00000, 0x00000000cbd00000| Complete 
| 702|0x00000000cbe00000, 0x00000000cbf00000, 0x00000000cbf00000|100%| E|CS|TAMS 0x00000000cbe00000, 0x00000000cbe00000| Complete 
| 703|0x00000000cbf00000, 0x00000000cc000000, 0x00000000cc000000|100%| E|CS|TAMS 0x00000000cbf00000, 0x00000000cbf00000| Complete 
| 704|0x00000000cc000000, 0x00000000cc100000, 0x00000000cc100000|100%| E|CS|TAMS 0x00000000cc000000, 0x00000000cc000000| Complete 
| 705|0x00000000cc100000, 0x00000000cc200000, 0x00000000cc200000|100%| E|CS|TAMS 0x00000000cc100000, 0x00000000cc100000| Complete 
| 706|0x00000000cc200000, 0x00000000cc300000, 0x00000000cc300000|100%| E|CS|TAMS 0x00000000cc200000, 0x00000000cc200000| Complete 
| 707|0x00000000cc300000, 0x00000000cc400000, 0x00000000cc400000|100%| E|CS|TAMS 0x00000000cc300000, 0x00000000cc300000| Complete 
| 708|0x00000000cc400000, 0x00000000cc500000, 0x00000000cc500000|100%| E|CS|TAMS 0x00000000cc400000, 0x00000000cc400000| Complete 
| 709|0x00000000cc500000, 0x00000000cc600000, 0x00000000cc600000|100%| E|CS|TAMS 0x00000000cc500000, 0x00000000cc500000| Complete 
| 710|0x00000000cc600000, 0x00000000cc700000, 0x00000000cc700000|100%| E|CS|TAMS 0x00000000cc600000, 0x00000000cc600000| Complete 
| 711|0x00000000cc700000, 0x00000000cc800000, 0x00000000cc800000|100%| E|CS|TAMS 0x00000000cc700000, 0x00000000cc700000| Complete 
| 712|0x00000000cc800000, 0x00000000cc900000, 0x00000000cc900000|100%| E|CS|TAMS 0x00000000cc800000, 0x00000000cc800000| Complete 
| 713|0x00000000cc900000, 0x00000000cca00000, 0x00000000cca00000|100%| E|CS|TAMS 0x00000000cc900000, 0x00000000cc900000| Complete 
| 714|0x00000000cca00000, 0x00000000ccb00000, 0x00000000ccb00000|100%| E|CS|TAMS 0x00000000cca00000, 0x00000000cca00000| Complete 
| 715|0x00000000ccb00000, 0x00000000ccc00000, 0x00000000ccc00000|100%| E|CS|TAMS 0x00000000ccb00000, 0x00000000ccb00000| Complete 
| 716|0x00000000ccc00000, 0x00000000ccd00000, 0x00000000ccd00000|100%| E|CS|TAMS 0x00000000ccc00000, 0x00000000ccc00000| Complete 
| 717|0x00000000ccd00000, 0x00000000cce00000, 0x00000000cce00000|100%| E|CS|TAMS 0x00000000ccd00000, 0x00000000ccd00000| Complete 
| 718|0x00000000cce00000, 0x00000000ccf00000, 0x00000000ccf00000|100%| E|CS|TAMS 0x00000000cce00000, 0x00000000cce00000| Complete 
| 719|0x00000000ccf00000, 0x00000000cd000000, 0x00000000cd000000|100%| E|CS|TAMS 0x00000000ccf00000, 0x00000000ccf00000| Complete 
| 720|0x00000000cd000000, 0x00000000cd100000, 0x00000000cd100000|100%| E|CS|TAMS 0x00000000cd000000, 0x00000000cd000000| Complete 
| 721|0x00000000cd100000, 0x00000000cd200000, 0x00000000cd200000|100%| E|CS|TAMS 0x00000000cd100000, 0x00000000cd100000| Complete 
| 722|0x00000000cd200000, 0x00000000cd300000, 0x00000000cd300000|100%| E|CS|TAMS 0x00000000cd200000, 0x00000000cd200000| Complete 
| 723|0x00000000cd300000, 0x00000000cd380000, 0x00000000cd400000| 50%| S|CS|TAMS 0x00000000cd300000, 0x00000000cd300000| Complete 
| 724|0x00000000cd400000, 0x00000000cd500000, 0x00000000cd500000|100%| S|CS|TAMS 0x00000000cd400000, 0x00000000cd400000| Complete 
| 725|0x00000000cd500000, 0x00000000cd600000, 0x00000000cd600000|100%| S|CS|TAMS 0x00000000cd500000, 0x00000000cd500000| Complete 
| 726|0x00000000cd600000, 0x00000000cd700000, 0x00000000cd700000|100%| S|CS|TAMS 0x00000000cd600000, 0x00000000cd600000| Complete 
| 727|0x00000000cd700000, 0x00000000cd800000, 0x00000000cd800000|100%| E|CS|TAMS 0x00000000cd700000, 0x00000000cd700000| Complete 

Card table byte_map: [0x000002442f830000,0x000002442fb30000] _byte_map_base: 0x000002442f330000

Marking Bits (Prev, Next): (CMBitMap*) 0x0000024417aaae90, (CMBitMap*) 0x0000024417aaae58
 Prev Bits: [0x0000024431630000, 0x0000024432e30000)
 Next Bits: [0x000002442fe30000, 0x0000024431630000)

Polling page: 0x0000024417240000

Metaspace:

Usage:
  Non-class:    140.52 MB capacity,   137.25 MB ( 98%) used,     2.73 MB (  2%) free+waste,   553.56 KB ( <1%) overhead. 
      Class:     20.25 MB capacity,    18.50 MB ( 91%) used,     1.52 MB (  8%) free+waste,   239.06 KB (  1%) overhead. 
       Both:    160.78 MB capacity,   155.75 MB ( 97%) used,     4.25 MB (  3%) free+waste,   792.62 KB ( <1%) overhead. 

Virtual space:
  Non-class space:      142.00 MB reserved,     140.75 MB (>99%) committed 
      Class space:        1.00 GB reserved,      20.38 MB (  2%) committed 
             Both:        1.14 GB reserved,     161.12 MB ( 14%) committed 

Chunk freelists:
   Non-Class:  39.00 KB
       Class:  27.00 KB
        Both:  66.00 KB

MaxMetaspaceSize: 17179869184.00 GB
CompressedClassSpaceSize: 1.00 GB
Initial GC threshold: 20.80 MB
Current GC threshold: 268.12 MB
CDS: off

CodeHeap 'non-profiled nmethods': size=120000Kb used=39947Kb max_used=39947Kb free=80052Kb
 bounds [0x0000024427cd0000, 0x000002442a3e0000, 0x000002442f200000]
CodeHeap 'profiled nmethods': size=120000Kb used=59173Kb max_used=60083Kb free=60826Kb
 bounds [0x00000244207a0000, 0x0000024424280000, 0x0000024427cd0000]
CodeHeap 'non-nmethods': size=5760Kb used=2459Kb max_used=2582Kb free=3300Kb
 bounds [0x0000024420200000, 0x00000244204a0000, 0x00000244207a0000]
 total_blobs=30389 nmethods=29400 adapters=898
 compilation: enabled
              stopped_count=0, restarted_count=0
 full_count=0

Compilation events (20 events):
Event: 9231.938 Thread 0x0000024436140800 42247       3       com.google.gson.internal.$Gson$Preconditions::checkNotNull (14 bytes)
Event: 9231.938 Thread 0x0000024436140800 nmethod 42247 0x00000244223c6190 code [0x00000244223c6360, 0x00000244223c6528]
Event: 9231.938 Thread 0x0000024436140800 42248       3       com.google.gson.internal.$Gson$Preconditions::checkArgument (13 bytes)
Event: 9231.938 Thread 0x0000024436140800 nmethod 42248 0x00000244226b9310 code [0x00000244226b94e0, 0x00000244226b96a8]
Event: 9231.938 Thread 0x0000024436140800 42249       3       com.google.gson.internal.Excluder::excludeClassChecks (67 bytes)
Event: 9231.940 Thread 0x0000024436140800 nmethod 42249 0x0000024421a76190 code [0x0000024421a765e0, 0x0000024421a78368]
Event: 9231.940 Thread 0x0000024436140800 42250   !   3       com.google.gson.Gson::getAdapter (257 bytes)
Event: 9231.942 Thread 0x0000024436140800 nmethod 42250 0x000002442309c210 code [0x000002442309c680, 0x000002442309eb68]
Event: 9231.942 Thread 0x0000024436140800 42253       3       com.google.gson.internal.bind.TypeAdapters$3::read (6 bytes)
Event: 9231.942 Thread 0x0000024436140800 nmethod 42253 0x0000024422083290 code [0x0000024422083440, 0x0000024422083568]
Event: 9231.942 Thread 0x0000024436140800 42254       3       com.google.gson.internal.bind.TypeAdapters$3::read (44 bytes)
Event: 9231.942 Thread 0x0000024436140800 nmethod 42254 0x0000024421528310 code [0x0000024421528540, 0x0000024421528c08]
Event: 9231.942 Thread 0x0000024436140800 42255       3       com.google.gson.stream.JsonReader::nextBoolean (106 bytes)
Event: 9231.943 Thread 0x0000024436140800 nmethod 42255 0x0000024421745510 code [0x00000244217457e0, 0x00000244217465d8]
Event: 9231.943 Thread 0x0000024436140800 42251       3       com.google.gson.internal.$Gson$Types::getGenericSupertype (135 bytes)
Event: 9231.945 Thread 0x0000024436140800 nmethod 42251 0x0000024421081390 code [0x0000024421081840, 0x0000024421083978]
Event: 9231.945 Thread 0x0000024436140800 42256       3       com.google.gson.stream.JsonReader::fillBuffer (168 bytes)
Event: 9231.945 Thread 0x0000024436140800 nmethod 42256 0x0000024422cc7690 code [0x0000024422cc7880, 0x0000024422cc7e38]
Event: 9231.986 Thread 0x000002443613d000 nmethod 42245 0x000002442a3cf090 code [0x000002442a3cf420, 0x000002442a3d1b40]
Event: 9231.986 Thread 0x000002443613d000 42257       4       android.databinding.tool.reflection.SdkUtil$ApiChecker::buildFullLookup (252 bytes)

GC Heap History (20 events):
Event: 9027.526 GC heap before
{Heap before GC invocations=346 (full 0):
 garbage-first heap   total 745472K, used 375318K [0x00000000a0000000, 0x0000000100000000)
  region size 1024K, 36 young (36864K), 8 survivors (8192K)
 Metaspace       used 152268K, capacity 157389K, committed 160636K, reserved 1189888K
  class space    used 18126K, capacity 19896K, committed 20864K, reserved 1048576K
}
Event: 9027.550 GC heap after
{Heap after GC invocations=347 (full 0):
 garbage-first heap   total 745472K, used 318987K [0x00000000a0000000, 0x0000000100000000)
  region size 1024K, 2 young (2048K), 2 survivors (2048K)
 Metaspace       used 152268K, capacity 157389K, committed 160636K, reserved 1189888K
  class space    used 18126K, capacity 19896K, committed 20864K, reserved 1048576K
}
Event: 9030.433 GC heap before
{Heap before GC invocations=347 (full 0):
 garbage-first heap   total 745472K, used 565771K [0x00000000a0000000, 0x0000000100000000)
  region size 1024K, 243 young (248832K), 2 survivors (2048K)
 Metaspace       used 152268K, capacity 157389K, committed 160636K, reserved 1189888K
  class space    used 18126K, capacity 19896K, committed 20864K, reserved 1048576K
}
Event: 9030.449 GC heap after
{Heap after GC invocations=348 (full 0):
 garbage-first heap   total 745472K, used 325241K [0x00000000a0000000, 0x0000000100000000)
  region size 1024K, 8 young (8192K), 8 survivors (8192K)
 Metaspace       used 152268K, capacity 157389K, committed 160636K, reserved 1189888K
  class space    used 18126K, capacity 19896K, committed 20864K, reserved 1048576K
}
Event: 9032.888 GC heap before
{Heap before GC invocations=349 (full 0):
 garbage-first heap   total 745472K, used 581241K [0x00000000a0000000, 0x0000000100000000)
  region size 1024K, 256 young (262144K), 8 survivors (8192K)
 Metaspace       used 152271K, capacity 157392K, committed 160636K, reserved 1189888K
  class space    used 18127K, capacity 19897K, committed 20864K, reserved 1048576K
}
Event: 9032.911 GC heap after
{Heap after GC invocations=350 (full 0):
 garbage-first heap   total 745472K, used 329150K [0x00000000a0000000, 0x0000000100000000)
  region size 1024K, 17 young (17408K), 17 survivors (17408K)
 Metaspace       used 152271K, capacity 157392K, committed 160636K, reserved 1189888K
  class space    used 18127K, capacity 19897K, committed 20864K, reserved 1048576K
}
Event: 9032.960 GC heap before
{Heap before GC invocations=350 (full 0):
 garbage-first heap   total 745472K, used 347582K [0x00000000a0000000, 0x0000000100000000)
  region size 1024K, 36 young (36864K), 17 survivors (17408K)
 Metaspace       used 152271K, capacity 157392K, committed 160636K, reserved 1189888K
  class space    used 18127K, capacity 19897K, committed 20864K, reserved 1048576K
}
Event: 9032.995 GC heap after
{Heap after GC invocations=351 (full 0):
 garbage-first heap   total 745472K, used 308860K [0x00000000a0000000, 0x0000000100000000)
  region size 1024K, 3 young (3072K), 3 survivors (3072K)
 Metaspace       used 152271K, capacity 157392K, committed 160636K, reserved 1189888K
  class space    used 18127K, capacity 19897K, committed 20864K, reserved 1048576K
}
Event: 9033.280 GC heap before
{Heap before GC invocations=351 (full 0):
 garbage-first heap   total 745472K, used 456316K [0x00000000a0000000, 0x0000000100000000)
  region size 1024K, 148 young (151552K), 3 survivors (3072K)
 Metaspace       used 152283K, capacity 157398K, committed 160636K, reserved 1189888K
  class space    used 18127K, capacity 19898K, committed 20864K, reserved 1048576K
}
Event: 9033.293 GC heap after
{Heap after GC invocations=352 (full 0):
 garbage-first heap   total 745472K, used 308166K [0x00000000a0000000, 0x0000000100000000)
  region size 1024K, 2 young (2048K), 2 survivors (2048K)
 Metaspace       used 152283K, capacity 157398K, committed 160636K, reserved 1189888K
  class space    used 18127K, capacity 19898K, committed 20864K, reserved 1048576K
}
Event: 9224.370 GC heap before
{Heap before GC invocations=353 (full 0):
 garbage-first heap   total 745472K, used 720888K [0x00000000a0000000, 0x0000000100000000)
  region size 1024K, 276 young (282624K), 2 survivors (2048K)
 Metaspace       used 152321K, capacity 157417K, committed 160636K, reserved 1189888K
  class space    used 18129K, capacity 19901K, committed 20864K, reserved 1048576K
}
Event: 9224.464 GC heap after
{Heap after GC invocations=354 (full 0):
 garbage-first heap   total 745472K, used 286895K [0x00000000a0000000, 0x0000000100000000)
  region size 1024K, 8 young (8192K), 8 survivors (8192K)
 Metaspace       used 152321K, capacity 157417K, committed 160636K, reserved 1189888K
  class space    used 18129K, capacity 19901K, committed 20864K, reserved 1048576K
}
Event: 9224.884 GC heap before
{Heap before GC invocations=354 (full 0):
 garbage-first heap   total 745472K, used 315567K [0x00000000a0000000, 0x0000000100000000)
  region size 1024K, 36 young (36864K), 8 survivors (8192K)
 Metaspace       used 152378K, capacity 157449K, committed 160636K, reserved 1189888K
  class space    used 18133K, capacity 19908K, committed 20864K, reserved 1048576K
}
Event: 9225.071 GC heap after
{Heap after GC invocations=355 (full 0):
 garbage-first heap   total 745472K, used 241894K [0x00000000a0000000, 0x0000000100000000)
  region size 1024K, 5 young (5120K), 5 survivors (5120K)
 Metaspace       used 152378K, capacity 157449K, committed 160636K, reserved 1189888K
  class space    used 18133K, capacity 19908K, committed 20864K, reserved 1048576K
}
Event: 9229.415 GC heap before
{Heap before GC invocations=355 (full 0):
 garbage-first heap   total 745472K, used 526566K [0x00000000a0000000, 0x0000000100000000)
  region size 1024K, 285 young (291840K), 5 survivors (5120K)
 Metaspace       used 152442K, capacity 157534K, committed 160636K, reserved 1189888K
  class space    used 18136K, capacity 19912K, committed 20864K, reserved 1048576K
}
Event: 9229.585 GC heap after
{Heap after GC invocations=356 (full 0):
 garbage-first heap   total 745472K, used 285066K [0x00000000a0000000, 0x0000000100000000)
  region size 1024K, 40 young (40960K), 40 survivors (40960K)
 Metaspace       used 152442K, capacity 157534K, committed 160636K, reserved 1189888K
  class space    used 18136K, capacity 19912K, committed 20864K, reserved 1048576K
}
Event: 9231.654 GC heap before
{Heap before GC invocations=357 (full 0):
 garbage-first heap   total 745472K, used 569738K [0x00000000a0000000, 0x0000000100000000)
  region size 1024K, 321 young (328704K), 40 survivors (40960K)
 Metaspace       used 159478K, capacity 164634K, committed 164988K, reserved 1193984K
  class space    used 18944K, capacity 20741K, committed 20864K, reserved 1048576K
}
Event: 9231.802 GC heap after
{Heap after GC invocations=358 (full 0):
 garbage-first heap   total 745472K, used 334033K [0x00000000a0000000, 0x0000000100000000)
  region size 1024K, 41 young (41984K), 41 survivors (41984K)
 Metaspace       used 159478K, capacity 164634K, committed 164988K, reserved 1193984K
  class space    used 18944K, capacity 20741K, committed 20864K, reserved 1048576K
}
Event: 9231.807 GC heap before
{Heap before GC invocations=358 (full 0):
 garbage-first heap   total 745472K, used 335057K [0x00000000a0000000, 0x0000000100000000)
  region size 1024K, 42 young (43008K), 41 survivors (41984K)
 Metaspace       used 159478K, capacity 164634K, committed 164988K, reserved 1193984K
  class space    used 18944K, capacity 20741K, committed 20864K, reserved 1048576K
}
Event: 9231.894 GC heap after
{Heap after GC invocations=359 (full 0):
 garbage-first heap   total 745472K, used 314880K [0x00000000a0000000, 0x0000000100000000)
  region size 1024K, 4 young (4096K), 4 survivors (4096K)
 Metaspace       used 159478K, capacity 164634K, committed 164988K, reserved 1193984K
  class space    used 18944K, capacity 20741K, committed 20864K, reserved 1048576K
}

Deoptimization events (20 events):
Event: 9226.219 Thread 0x000002443faed000 DEOPT PACKING pc=0x000002442a148db4 sp=0x000000e8da7fa7b0
Event: 9226.219 Thread 0x000002443faed000 DEOPT UNPACKING pc=0x000002442024a1af sp=0x000000e8da7fa730 mode 2
Event: 9226.219 Thread 0x000002443faed000 Uncommon trap: trap_request=0xffffffbe fr.pc=0x000002442a2b0d18 relative=0x0000000000006c78
Event: 9226.219 Thread 0x000002443faed000 Uncommon trap: reason=profile_predicate action=maybe_recompile pc=0x000002442a2b0d18 method=org.objectweb.asm.ClassReader.readCode(Lorg/objectweb/asm/MethodVisitor;Lorg/objectweb/asm/Context;I)V @ 2169 c2
Event: 9226.219 Thread 0x000002443faed000 DEOPT PACKING pc=0x000002442a2b0d18 sp=0x000000e8da7fa7e0
Event: 9226.219 Thread 0x000002443faed000 DEOPT UNPACKING pc=0x000002442024a1af sp=0x000000e8da7fa720 mode 2
Event: 9231.149 Thread 0x000002443faed000 Uncommon trap: trap_request=0xffffff4d fr.pc=0x000002442a3ba8e8 relative=0x0000000000000128
Event: 9231.149 Thread 0x000002443faed000 Uncommon trap: reason=unstable_if action=reinterpret pc=0x000002442a3ba8e8 method=com.google.gson.stream.JsonReader.nextNonWhitespace(Z)I @ 61 c2
Event: 9231.149 Thread 0x000002443faed000 DEOPT PACKING pc=0x000002442a3ba8e8 sp=0x000000e8da7fa110
Event: 9231.150 Thread 0x000002443faed000 DEOPT UNPACKING pc=0x000002442024a1af sp=0x000000e8da7fa080 mode 2
Event: 9231.975 Thread 0x000002443faed000 DEOPT PACKING pc=0x0000024421bf9efc sp=0x000000e8da7fa5b0
Event: 9231.975 Thread 0x000002443faed000 DEOPT UNPACKING pc=0x000002442024a95e sp=0x000000e8da7f9aa8 mode 0
Event: 9231.992 Thread 0x000002443faed000 Uncommon trap: trap_request=0xffffff4d fr.pc=0x000002442a3bebc4 relative=0x0000000000003844
Event: 9231.992 Thread 0x000002443faed000 Uncommon trap: reason=unstable_if action=reinterpret pc=0x000002442a3bebc4 method=android.databinding.tool.reflection.SdkUtil$ApiChecker.buildFullLookup()V @ 49 c2
Event: 9231.992 Thread 0x000002443faed000 DEOPT PACKING pc=0x000002442a3bebc4 sp=0x000000e8da7fa5a0
Event: 9231.992 Thread 0x000002443faed000 DEOPT UNPACKING pc=0x000002442024a1af sp=0x000000e8da7fa5a8 mode 2
Event: 9231.996 Thread 0x000002443faed000 Uncommon trap: trap_request=0xfffffff4 fr.pc=0x000002442926f0d0 relative=0x0000000000000df0
Event: 9231.996 Thread 0x000002443faed000 Uncommon trap: reason=null_check action=make_not_entrant pc=0x000002442926f0d0 method=com.sun.tools.javac.tree.TreeScanner.scan(Lcom/sun/tools/javac/util/List;)V @ 18 c2
Event: 9231.996 Thread 0x000002443faed000 DEOPT PACKING pc=0x000002442926f0d0 sp=0x000000e8da7fab90
Event: 9231.996 Thread 0x000002443faed000 DEOPT UNPACKING pc=0x000002442024a1af sp=0x000000e8da7fa8f0 mode 2

Classes redefined (0 events):
No events

Internal exceptions (20 events):
Event: 9231.538 Thread 0x000002443faed000 Exception <a 'sun/nio/fs/WindowsException'{0x00000000bf5d54e0}> (0x00000000bf5d54e0) thrown at [s\src\hotspot\share\prims\jni.cpp, line 617]
Event: 9231.538 Thread 0x000002443faed000 Exception <a 'sun/nio/fs/WindowsException'{0x00000000bf5d7728}> (0x00000000bf5d7728) thrown at [s\src\hotspot\share\prims\jni.cpp, line 617]
Event: 9231.538 Thread 0x000002443faed000 Exception <a 'sun/nio/fs/WindowsException'{0x00000000bf5d7940}> (0x00000000bf5d7940) thrown at [s\src\hotspot\share\prims\jni.cpp, line 617]
Event: 9231.538 Thread 0x000002443faed000 Exception <a 'sun/nio/fs/WindowsException'{0x00000000bf5d9b78}> (0x00000000bf5d9b78) thrown at [s\src\hotspot\share\prims\jni.cpp, line 617]
Event: 9231.538 Thread 0x000002443faed000 Exception <a 'sun/nio/fs/WindowsException'{0x00000000bf5d9d78}> (0x00000000bf5d9d78) thrown at [s\src\hotspot\share\prims\jni.cpp, line 617]
Event: 9231.538 Thread 0x000002443faed000 Exception <a 'sun/nio/fs/WindowsException'{0x00000000bf5dbfa8}> (0x00000000bf5dbfa8) thrown at [s\src\hotspot\share\prims\jni.cpp, line 617]
Event: 9231.543 Thread 0x000002443faed000 Exception <a 'sun/nio/fs/WindowsException'{0x00000000bf5f1b10}> (0x00000000bf5f1b10) thrown at [s\src\hotspot\share\prims\jni.cpp, line 617]
Event: 9231.545 Thread 0x000002443faed000 Exception <a 'sun/nio/fs/WindowsException'{0x00000000bf40e788}> (0x00000000bf40e788) thrown at [s\src\hotspot\share\prims\jni.cpp, line 617]
Event: 9231.547 Thread 0x000002443faed000 Exception <a 'sun/nio/fs/WindowsException'{0x00000000bf423230}> (0x00000000bf423230) thrown at [s\src\hotspot\share\prims\jni.cpp, line 617]
Event: 9231.548 Thread 0x000002443faed000 Exception <a 'sun/nio/fs/WindowsException'{0x00000000bf441d70}> (0x00000000bf441d70) thrown at [s\src\hotspot\share\prims\jni.cpp, line 617]
Event: 9231.567 Thread 0x000002443faed000 Exception <a 'sun/nio/fs/WindowsException'{0x00000000bf3a26c8}> (0x00000000bf3a26c8) thrown at [s\src\hotspot\share\prims\jni.cpp, line 617]
Event: 9231.567 Thread 0x000002443faed000 Exception <a 'sun/nio/fs/WindowsException'{0x00000000bf3a3a88}> (0x00000000bf3a3a88) thrown at [s\src\hotspot\share\prims\jni.cpp, line 617]
Event: 9231.567 Thread 0x000002443faed000 Exception <a 'sun/nio/fs/WindowsException'{0x00000000bf3a4ae8}> (0x00000000bf3a4ae8) thrown at [s\src\hotspot\share\prims\jni.cpp, line 617]
Event: 9231.567 Thread 0x000002443faed000 Exception <a 'sun/nio/fs/WindowsException'{0x00000000bf3a5d48}> (0x00000000bf3a5d48) thrown at [s\src\hotspot\share\prims\jni.cpp, line 617]
Event: 9231.567 Thread 0x000002443faed000 Exception <a 'sun/nio/fs/WindowsException'{0x00000000bf3a5f90}> (0x00000000bf3a5f90) thrown at [s\src\hotspot\share\prims\jni.cpp, line 617]
Event: 9231.567 Thread 0x000002443faed000 Exception <a 'sun/nio/fs/WindowsException'{0x00000000bf3a81f8}> (0x00000000bf3a81f8) thrown at [s\src\hotspot\share\prims\jni.cpp, line 617]
Event: 9231.569 Thread 0x000002443faed000 Exception <a 'sun/nio/fs/WindowsException'{0x00000000bf3b6650}> (0x00000000bf3b6650) thrown at [s\src\hotspot\share\prims\jni.cpp, line 617]
Event: 9231.590 Thread 0x000002443faed000 Exception <a 'sun/nio/fs/WindowsException'{0x00000000bf1132e8}> (0x00000000bf1132e8) thrown at [s\src\hotspot\share\prims\jni.cpp, line 617]
Event: 9231.592 Thread 0x000002443faed000 Exception <a 'sun/nio/fs/WindowsException'{0x00000000bf132440}> (0x00000000bf132440) thrown at [s\src\hotspot\share\prims\jni.cpp, line 617]
Event: 9231.995 Thread 0x000002443faed000 Implicit null exception at 0x000002442926e8ab to 0x000002442926f0b4

Events (20 events):
Event: 9231.585 loading class android/databinding/tool/writer/BindingMapperWriterV2$generateInnerBrLookup$1$1
Event: 9231.585 loading class android/databinding/tool/writer/BindingMapperWriterV2$generateInnerBrLookup$1$1 done
Event: 9231.585 loading class kotlin/Triple
Event: 9231.585 loading class kotlin/Triple done
Event: 9231.585 loading class android/databinding/tool/writer/BindingMapperWriterV2$generateInnerLayoutIdLookup$1$1
Event: 9231.585 loading class android/databinding/tool/writer/BindingMapperWriterV2$generateInnerLayoutIdLookup$1$1 done
Event: 9231.586 loading class android/databinding/tool/writer/BindingMapperWriterV2$createLocalizedLayoutIds$$inlined$apply$lambda$1
Event: 9231.586 loading class android/databinding/tool/writer/BindingMapperWriterV2$createLocalizedLayoutIds$$inlined$apply$lambda$1 done
Event: 9231.586 loading class com/squareup/javapoet/LineWrapper$FlushType
Event: 9231.586 loading class com/squareup/javapoet/LineWrapper$FlushType done
Event: 9231.586 loading class com/squareup/javapoet/LineWrapper$1
Event: 9231.586 loading class com/squareup/javapoet/LineWrapper$1 done
Event: 9231.591 loading class android/databinding/tool/writer/MergedBindingMapperWriter
Event: 9231.591 loading class android/databinding/tool/writer/MergedBindingMapperWriter done
Event: 9231.592 loading class android/databinding/tool/writer/MergedBindingMapperWriter$Companion
Event: 9231.592 loading class android/databinding/tool/writer/MergedBindingMapperWriter$Companion done
Event: 9231.654 Executing VM operation: G1CollectForAllocation
Event: 9231.802 Executing VM operation: G1CollectForAllocation done
Event: 9231.806 Executing VM operation: G1CollectForAllocation
Event: 9231.894 Executing VM operation: G1CollectForAllocation done


Dynamic libraries:
0x00007ff67fc90000 - 0x00007ff67fc9e000 	C:\Users\sysdev_prabir\.jdks\corretto-11.0.22\bin\java.exe
0x00007ffa2e2f0000 - 0x00007ffa2e507000 	C:\WINDOWS\SYSTEM32\ntdll.dll
0x00007ffa2cea0000 - 0x00007ffa2cf64000 	C:\WINDOWS\System32\KERNEL32.DLL
0x00007ffa2b6e0000 - 0x00007ffa2ba86000 	C:\WINDOWS\System32\KERNELBASE.dll
0x00007ffa2bf20000 - 0x00007ffa2c031000 	C:\WINDOWS\System32\ucrtbase.dll
0x00007ff9ef600000 - 0x00007ff9ef61b000 	C:\Users\sysdev_prabir\.jdks\corretto-11.0.22\bin\VCRUNTIME140.dll
0x00007ff9effa0000 - 0x00007ff9effb7000 	C:\Users\sysdev_prabir\.jdks\corretto-11.0.22\bin\jli.dll
0x00007ffa2cf70000 - 0x00007ffa2d11e000 	C:\WINDOWS\System32\USER32.dll
0x00007ffa2b6b0000 - 0x00007ffa2b6d6000 	C:\WINDOWS\System32\win32u.dll
0x00007ffa2d2e0000 - 0x00007ffa2d309000 	C:\WINDOWS\System32\GDI32.dll
0x00007ffa1aa80000 - 0x00007ffa1ad13000 	C:\WINDOWS\WinSxS\amd64_microsoft.windows.common-controls_6595b64144ccf1df_6.0.22621.2506_none_270c5ae97388e100\COMCTL32.dll
0x00007ffa2bb50000 - 0x00007ffa2bc68000 	C:\WINDOWS\System32\gdi32full.dll
0x00007ffa2bca0000 - 0x00007ffa2bd3a000 	C:\WINDOWS\System32\msvcp_win.dll
0x00007ffa2dcf0000 - 0x00007ffa2dd97000 	C:\WINDOWS\System32\msvcrt.dll
0x00007ffa2dc60000 - 0x00007ffa2dc91000 	C:\WINDOWS\System32\IMM32.DLL
0x00007ffa028f0000 - 0x00007ffa028fc000 	C:\Users\sysdev_prabir\.jdks\corretto-11.0.22\bin\vcruntime140_1.dll
0x00007ff9e6f60000 - 0x00007ff9e6fed000 	C:\Users\sysdev_prabir\.jdks\corretto-11.0.22\bin\msvcp140.dll
0x00007ff9e6390000 - 0x00007ff9e6f53000 	C:\Users\sysdev_prabir\.jdks\corretto-11.0.22\bin\server\jvm.dll
0x00007ffa2dba0000 - 0x00007ffa2dc53000 	C:\WINDOWS\System32\ADVAPI32.dll
0x00007ffa2df70000 - 0x00007ffa2e018000 	C:\WINDOWS\System32\sechost.dll
0x00007ffa2bc70000 - 0x00007ffa2bc98000 	C:\WINDOWS\System32\bcrypt.dll
0x00007ffa2de50000 - 0x00007ffa2df67000 	C:\WINDOWS\System32\RPCRT4.dll
0x00007ffa2d310000 - 0x00007ffa2d318000 	C:\WINDOWS\System32\PSAPI.DLL
0x00007ffa17880000 - 0x00007ffa178b4000 	C:\WINDOWS\SYSTEM32\WINMM.dll
0x00007ffa1d350000 - 0x00007ffa1d359000 	C:\WINDOWS\SYSTEM32\WSOCK32.dll
0x00007ffa26ea0000 - 0x00007ffa26eaa000 	C:\WINDOWS\SYSTEM32\VERSION.dll
0x00007ffa2d5a0000 - 0x00007ffa2d611000 	C:\WINDOWS\System32\WS2_32.dll
0x00007ffa2a670000 - 0x00007ffa2a688000 	C:\WINDOWS\SYSTEM32\kernel.appcore.dll
0x00007ffa02270000 - 0x00007ffa02280000 	C:\Users\sysdev_prabir\.jdks\corretto-11.0.22\bin\verify.dll
0x00007ffa04ec0000 - 0x00007ffa050f3000 	C:\WINDOWS\SYSTEM32\DBGHELP.DLL
0x00007ffa2c1a0000 - 0x00007ffa2c529000 	C:\WINDOWS\System32\combase.dll
0x00007ffa2dac0000 - 0x00007ffa2db97000 	C:\WINDOWS\System32\OLEAUT32.dll
0x00007ffa04e20000 - 0x00007ffa04e52000 	C:\WINDOWS\SYSTEM32\dbgcore.DLL
0x00007ffa2b630000 - 0x00007ffa2b6aa000 	C:\WINDOWS\System32\bcryptPrimitives.dll
0x00007ff9ea750000 - 0x00007ff9ea778000 	C:\Users\sysdev_prabir\.jdks\corretto-11.0.22\bin\java.dll
0x00007ffa01b40000 - 0x00007ffa01b4a000 	C:\Users\sysdev_prabir\.jdks\corretto-11.0.22\bin\jimage.dll
0x00007ff9ea730000 - 0x00007ff9ea748000 	C:\Users\sysdev_prabir\.jdks\corretto-11.0.22\bin\zip.dll
0x00007ffa2c540000 - 0x00007ffa2cd9b000 	C:\WINDOWS\System32\SHELL32.dll
0x00007ffa293c0000 - 0x00007ffa29cb6000 	C:\WINDOWS\SYSTEM32\windows.storage.dll
0x00007ffa29230000 - 0x00007ffa2936e000 	C:\WINDOWS\SYSTEM32\wintypes.dll
0x00007ffa2d380000 - 0x00007ffa2d473000 	C:\WINDOWS\System32\SHCORE.dll
0x00007ffa2d480000 - 0x00007ffa2d4de000 	C:\WINDOWS\System32\shlwapi.dll
0x00007ffa2b560000 - 0x00007ffa2b586000 	C:\WINDOWS\SYSTEM32\profapi.dll
0x00007ff9ea620000 - 0x00007ff9ea639000 	C:\Users\sysdev_prabir\.jdks\corretto-11.0.22\bin\net.dll
0x00007ffa27780000 - 0x00007ffa278b7000 	C:\WINDOWS\SYSTEM32\WINHTTP.dll
0x00007ffa2aaf0000 - 0x00007ffa2ab59000 	C:\WINDOWS\system32\mswsock.dll
0x00007ff9ea600000 - 0x00007ff9ea612000 	C:\Users\sysdev_prabir\.jdks\corretto-11.0.22\bin\nio.dll
0x00007ff9eaf60000 - 0x00007ff9eaf87000 	C:\Users\sysdev_prabir\.gradle\native\f6784746aeab05261644944871eae4fe03e0ef1612fff0a4a95f87b438bc6780\windows-amd64\native-platform.dll
0x00007ffa01950000 - 0x00007ffa01959000 	C:\Users\sysdev_prabir\.jdks\corretto-11.0.22\bin\management.dll
0x00007ff9fee10000 - 0x00007ff9fee1b000 	C:\Users\sysdev_prabir\.jdks\corretto-11.0.22\bin\management_ext.dll
0x00007ffa2ad50000 - 0x00007ffa2ad6b000 	C:\WINDOWS\SYSTEM32\CRYPTSP.dll
0x00007ffa2a5d0000 - 0x00007ffa2a605000 	C:\WINDOWS\system32\rsaenh.dll
0x00007ffa2abe0000 - 0x00007ffa2ac0c000 	C:\WINDOWS\SYSTEM32\USERENV.dll
0x00007ffa2ad40000 - 0x00007ffa2ad4c000 	C:\WINDOWS\SYSTEM32\CRYPTBASE.dll
0x00007ffa29e90000 - 0x00007ffa29ebd000 	C:\WINDOWS\SYSTEM32\IPHLPAPI.DLL
0x00007ffa2d510000 - 0x00007ffa2d519000 	C:\WINDOWS\System32\NSI.dll
0x00007ffa278c0000 - 0x00007ffa278d9000 	C:\WINDOWS\SYSTEM32\dhcpcsvc6.DLL
0x00007ffa27760000 - 0x00007ffa2777f000 	C:\WINDOWS\SYSTEM32\dhcpcsvc.DLL
0x00007ffa29ef0000 - 0x00007ffa29fe9000 	C:\WINDOWS\SYSTEM32\DNSAPI.dll
0x00007ffa288f0000 - 0x00007ffa288fd000 	C:\WINDOWS\SYSTEM32\WINNSI.DLL
0x00007ff9fdf50000 - 0x00007ff9fdf5e000 	C:\Users\sysdev_prabir\.jdks\corretto-11.0.22\bin\sunmscapi.dll
0x00007ffa2bdb0000 - 0x00007ffa2bf16000 	C:\WINDOWS\System32\CRYPT32.dll
0x00007ffa2ae80000 - 0x00007ffa2aeae000 	C:\WINDOWS\SYSTEM32\ncrypt.dll
0x00007ffa2ae40000 - 0x00007ffa2ae77000 	C:\WINDOWS\SYSTEM32\NTASN1.dll
0x00007ff9e4bd0000 - 0x00007ff9e4bf7000 	C:\Users\sysdev_prabir\.jdks\corretto-11.0.22\bin\sunec.dll
0x00007ffa26390000 - 0x00007ffa2639a000 	C:\Windows\System32\rasadhlp.dll
0x00007ffa27a70000 - 0x00007ffa27af3000 	C:\WINDOWS\System32\fwpuclnt.dll

dbghelp: loaded successfully - version: 4.0.5 - missing functions: none
symbol engine: initialized successfully - sym options: 0x614 - pdb path: .;C:\Users\sysdev_prabir\.jdks\corretto-11.0.22\bin;C:\WINDOWS\SYSTEM32;C:\WINDOWS\WinSxS\amd64_microsoft.windows.common-controls_6595b64144ccf1df_6.0.22621.2506_none_270c5ae97388e100;C:\Users\sysdev_prabir\.jdks\corretto-11.0.22\bin\server;C:\Users\sysdev_prabir\.gradle\native\f6784746aeab05261644944871eae4fe03e0ef1612fff0a4a95f87b438bc6780\windows-amd64

VM Arguments:
jvm_args: --add-opens=java.base/java.util=ALL-UNNAMED --add-opens=java.base/java.lang=ALL-UNNAMED --add-opens=java.base/java.lang.invoke=ALL-UNNAMED --add-opens=java.prefs/java.util.prefs=ALL-UNNAMED -Xmx1536m -Dfile.encoding=windows-1252 -Duser.country=US -Duser.language=en -Duser.variant 
java_command: org.gradle.launcher.daemon.bootstrap.GradleDaemon 6.5
java_class_path (initial): C:\Users\sysdev_prabir\.gradle\wrapper\dists\gradle-6.5-all\2oz4ud9k3tuxjg84bbf55q0tn\gradle-6.5\lib\gradle-launcher-6.5.jar
Launcher Type: SUN_STANDARD

[Global flags]
     intx CICompilerCount                          = 4                                         {product} {ergonomic}
     uint ConcGCThreads                            = 2                                         {product} {ergonomic}
     uint G1ConcRefinementThreads                  = 8                                         {product} {ergonomic}
   size_t G1HeapRegionSize                         = 1048576                                   {product} {ergonomic}
    uintx GCDrainStackTargetSize                   = 64                                        {product} {ergonomic}
   size_t InitialHeapSize                          = 132120576                                 {product} {ergonomic}
   size_t MarkStackSize                            = 4194304                                   {product} {ergonomic}
   size_t MaxHeapSize                              = 1610612736                                {product} {command line}
   size_t MaxNewSize                               = 965738496                                 {product} {ergonomic}
   size_t MinHeapDeltaBytes                        = 1048576                                   {product} {ergonomic}
    uintx NonNMethodCodeHeapSize                   = 5836300                                {pd product} {ergonomic}
    uintx NonProfiledCodeHeapSize                  = 122910970                              {pd product} {ergonomic}
    uintx ProfiledCodeHeapSize                     = 122910970                              {pd product} {ergonomic}
    uintx ReservedCodeCacheSize                    = 251658240                              {pd product} {ergonomic}
     bool SegmentedCodeCache                       = true                                      {product} {ergonomic}
     bool UseCompressedClassPointers               = true                                 {lp64_product} {ergonomic}
     bool UseCompressedOops                        = true                                 {lp64_product} {ergonomic}
     bool UseG1GC                                  = true                                      {product} {ergonomic}
     bool UseLargePagesIndividualAllocation        = false                                  {pd product} {ergonomic}

Logging:
Log output configuration:
 #0: stdout all=warning uptime,level,tags
 #1: stderr all=off uptime,level,tags

Environment Variables:
PATH=C:\Program Files\Common Files\Oracle\Java\javapath;C:\Windows\system32;C:\Windows;C:\Windows\System32\Wbem;C:\Windows\System32\WindowsPowerShell\v1.0\;C:\Windows\System32\OpenSSH\;C:\Program Files (x86)\Microsoft SQL Server\150\DTS\Binn\;C:\Program Files\Microsoft SQL Server\130\Tools\Binn\;C:\Program Files\nodejs\;c:\Program Files (x86)\Microsoft SQL Server\90\Tools\binn\;C:\Program Files\dotnet\;C:\Program Files\Microsoft SQL Server\Client SDK\ODBC\170\Tools\Binn\;C:\Program Files\Git\cmd;C:\Android;C:\WINDOWS\system32;C:\WINDOWS;C:\WINDOWS\System32\Wbem;C:\WINDOWS\System32\WindowsPowerShell\v1.0\;C:\WINDOWS\System32\OpenSSH\;C:\Users\sysdev_prabir\AppData\Local\Microsoft\WindowsApps;
USERNAME=sysdev_prabir
OS=Windows_NT
PROCESSOR_IDENTIFIER=Intel64 Family 6 Model 165 Stepping 3, GenuineIntel
TMP=C:\Users\SYSDEV~1\AppData\Local\Temp
TEMP=C:\Users\SYSDEV~1\AppData\Local\Temp



---------------  S Y S T E M  ---------------

OS: Windows 11 , 64 bit Build 22621 (10.0.22621.3085)
OS uptime: 7 days 19:53 hours

CPU:total 8 (initial active 8) (4 cores per cpu, 2 threads per core) family 6 model 165 stepping 3 microcode 0xea, cmov, cx8, fxsr, mmx, sse, sse2, sse3, ssse3, sse4.1, sse4.2, popcnt, avx, avx2, aes, clmul, erms, 3dnowpref, lzcnt, ht, tsc, tscinvbit, bmi1, bmi2, adx, fma

Memory: 4k page, system-wide physical 8021M (246M free)
TotalPageFile size 18011M (AvailPageFile size 6130M)
current process WorkingSet (physical memory assigned to process): 843M, peak: 1114M
current process commit charge ("private bytes"): 1265M, peak: 1312M

vm_info: OpenJDK 64-Bit Server VM (11.0.22+7-LTS) for windows-amd64 JRE (11.0.22+7-LTS), built on Jan 10 2024 19:54:00 by "Administrator" with MS VC++ 16.10 / 16.11 (VS2019)

END.
